cutoff_end_date,date,y_true,naive_lag1,seasonal_lag52,xgb
1996-03-25,1996-04-01,1.223,1.21,1.133,1.214544653892517
1996-03-25,1996-04-08,1.248,1.223,1.149,1.2274366617202759
1996-03-25,1996-04-15,1.287,1.248,1.163,1.2363028526306152
1996-03-25,1996-04-22,1.301,1.287,1.184,1.2407033443450928
1996-04-22,1996-04-29,1.318,1.301,1.194,1.265631914138794
1996-04-22,1996-05-06,1.321,1.318,1.216,1.2646682262420654
1996-04-22,1996-05-13,1.323,1.321,1.226,1.2621456384658813
1996-04-22,1996-05-20,1.33,1.323,1.244,1.2621365785598755
1996-05-20,1996-05-27,1.321,1.33,1.246,1.3261629343032837
1996-05-20,1996-06-03,1.315,1.321,1.246,1.3186590671539307
1996-05-20,1996-06-10,1.307,1.315,1.243,1.3178139925003052
1996-05-20,1996-06-17,1.302,1.307,1.236,1.3172314167022705
1996-06-17,1996-06-24,1.289,1.302,1.229,1.2972424030303955
1996-06-17,1996-07-01,1.279,1.289,1.222,1.2893362045288086
1996-06-17,1996-07-08,1.276,1.279,1.212,1.2964287996292114
1996-06-17,1996-07-15,1.273,1.276,1.2,1.296628713607788
1996-07-15,1996-07-22,1.272,1.273,1.191,1.2697666883468628
1996-07-15,1996-07-29,1.263,1.272,1.179,1.2740107774734497
1996-07-15,1996-08-05,1.253,1.263,1.174,1.2735223770141602
1996-07-15,1996-08-12,1.248,1.253,1.172,1.2780691385269165
1996-08-12,1996-08-19,1.249,1.248,1.171,1.2474600076675415
1996-08-12,1996-08-26,1.253,1.249,1.163,1.253283143043518
1996-08-12,1996-09-02,1.242,1.253,1.16,1.2520498037338257
1996-08-12,1996-09-09,1.247,1.242,1.158,1.2483837604522705
1996-09-09,1996-09-16,1.25,1.247,1.157,1.2480759620666504
1996-09-09,1996-09-23,1.251,1.25,1.156,1.24717378616333
1996-09-09,1996-09-30,1.245,1.251,1.151,1.2484649419784546
1996-09-09,1996-10-07,1.239,1.245,1.144,1.2521580457687378
1996-10-07,1996-10-14,1.248,1.239,1.133,1.2426053285598755
1996-10-07,1996-10-21,1.249,1.248,1.125,1.2460949420928955
1996-10-07,1996-10-28,1.26,1.249,1.115,1.246416687965393
1996-10-07,1996-11-04,1.268,1.26,1.112,1.2455294132232666
1996-11-04,1996-11-11,1.272,1.268,1.109,1.2627794742584229
1996-11-04,1996-11-18,1.282,1.272,1.106,1.263489842414856
1996-11-04,1996-11-25,1.289,1.282,1.107,1.2737951278686523
1996-11-04,1996-12-02,1.287,1.289,1.108,1.278732419013977
1996-12-02,1996-12-09,1.287,1.287,1.11,1.285772442817688
1996-12-02,1996-12-16,1.283,1.287,1.124,1.282402515411377
1996-12-02,1996-12-23,1.278,1.283,1.128,1.2825220823287964
1996-12-02,1996-12-30,1.274,1.278,1.129,1.2813345193862915
1996-12-30,1997-01-06,1.272,1.274,1.139,1.2760448455810547
1996-12-30,1997-01-13,1.287,1.272,1.145,1.2750201225280762
1996-12-30,1997-01-20,1.287,1.287,1.138,1.2857186794281006
1996-12-30,1997-01-27,1.284,1.287,1.133,1.2855803966522217
1997-01-27,1997-02-03,1.282,1.284,1.13,1.2842358350753784
1997-01-27,1997-02-10,1.28,1.282,1.126,1.2803016901016235
1997-01-27,1997-02-17,1.273,1.28,1.133,1.2770030498504639
1997-01-27,1997-02-24,1.27,1.273,1.153,1.2744511365890503
1997-02-24,1997-03-03,1.261,1.27,1.17,1.270317792892456
1997-02-24,1997-03-10,1.253,1.261,1.171,1.265271782875061
1997-02-24,1997-03-17,1.246,1.253,1.181,1.259320616722107
1997-02-24,1997-03-24,1.25,1.246,1.21,1.2517681121826172
1997-03-24,1997-03-31,1.246,1.25,1.223,1.2508220672607422
1997-03-24,1997-04-07,1.248,1.246,1.248,1.2477370500564575
1997-03-24,1997-04-14,1.244,1.248,1.287,1.2428866624832153
1997-03-24,1997-04-21,1.245,1.244,1.301,1.2424710988998413
1997-04-21,1997-04-28,1.24,1.245,1.318,1.244470477104187
1997-04-21,1997-05-05,1.238,1.24,1.321,1.2331748008728027
1997-04-21,1997-05-12,1.238,1.238,1.323,1.2409099340438843
1997-04-21,1997-05-19,1.247,1.238,1.33,1.2454149723052979
1997-05-19,1997-05-26,1.255,1.247,1.321,1.2427703142166138
1997-05-19,1997-06-02,1.258,1.255,1.315,1.244622826576233
1997-05-19,1997-06-09,1.251,1.258,1.307,1.254517912864685
1997-05-19,1997-06-16,1.242,1.251,1.302,1.2545372247695923
1997-06-16,1997-06-23,1.232,1.242,1.289,1.2404916286468506
1997-06-16,1997-06-30,1.226,1.232,1.279,1.2396726608276367
1997-06-16,1997-07-07,1.222,1.226,1.276,1.2377468347549438
1997-06-16,1997-07-14,1.219,1.222,1.273,1.2360795736312866
1997-07-14,1997-07-21,1.222,1.219,1.272,1.2187362909317017
1997-07-14,1997-07-28,1.216,1.222,1.263,1.223162293434143
1997-07-14,1997-08-04,1.237,1.216,1.253,1.2223840951919556
1997-07-14,1997-08-11,1.272,1.237,1.248,1.226277232170105
1997-08-11,1997-08-18,1.274,1.272,1.249,1.273943305015564
1997-08-11,1997-08-25,1.288,1.274,1.253,1.2768174409866333
1997-08-11,1997-09-01,1.287,1.288,1.242,1.2814146280288696
1997-08-11,1997-09-08,1.288,1.287,1.247,1.2824105024337769
1997-09-08,1997-09-15,1.281,1.288,1.25,1.287186622619629
1997-09-08,1997-09-22,1.269,1.281,1.251,1.2827824354171753
1997-09-08,1997-09-29,1.255,1.269,1.245,1.2655726671218872
1997-09-08,1997-10-06,1.254,1.255,1.239,1.259697675704956
1997-10-06,1997-10-13,1.248,1.254,1.248,1.256141185760498
1997-10-06,1997-10-20,1.238,1.248,1.249,1.2565855979919434
1997-10-06,1997-10-27,1.228,1.238,1.26,1.2538176774978638
1997-10-06,1997-11-03,1.221,1.228,1.268,1.2419546842575073
1997-11-03,1997-11-10,1.222,1.221,1.272,1.226811170578003
1997-11-03,1997-11-17,1.213,1.222,1.282,1.2276690006256104
1997-11-03,1997-11-24,1.207,1.213,1.289,1.2280558347702026
1997-11-03,1997-12-01,1.197,1.207,1.287,1.2267093658447266
1997-12-01,1997-12-08,1.187,1.197,1.287,1.196608543395996
1997-12-01,1997-12-15,1.176,1.187,1.283,1.1974501609802246
1997-12-01,1997-12-22,1.167,1.176,1.278,1.1997445821762085
1997-12-01,1997-12-29,1.158,1.167,1.274,1.1991658210754395
1997-12-29,1998-01-05,1.148,1.158,1.272,1.1522068977355957
1997-12-29,1998-01-12,1.14,1.148,1.287,1.1514736413955688
1997-12-29,1998-01-19,1.129,1.14,1.287,1.1510857343673706
1997-12-29,1998-01-26,1.112,1.129,1.284,1.1487793922424316
1998-01-26,1998-02-02,1.108,1.112,1.282,1.1144009828567505
1998-01-26,1998-02-09,1.101,1.108,1.28,1.1157526969909668
1998-01-26,1998-02-16,1.085,1.101,1.273,1.116279125213623
1998-01-26,1998-02-23,1.09,1.085,1.27,1.1197041273117065
1998-02-23,1998-03-02,1.075,1.09,1.261,1.0912830829620361
1998-02-23,1998-03-09,1.065,1.075,1.253,1.0911624431610107
1998-02-23,1998-03-16,1.055,1.065,1.246,1.0967004299163818
1998-02-23,1998-03-23,1.047,1.055,1.25,1.0971267223358154
1998-03-23,1998-03-30,1.077,1.047,1.246,1.048819899559021
1998-03-23,1998-04-06,1.074,1.077,1.248,1.05165696144104
1998-03-23,1998-04-13,1.072,1.074,1.244,1.0537333488464355
1998-03-23,1998-04-20,1.075,1.072,1.245,1.0564950704574585
1998-04-20,1998-04-27,1.086,1.075,1.24,1.074143886566162
1998-04-20,1998-05-04,1.095,1.086,1.238,1.0769052505493164
1998-04-20,1998-05-11,1.109,1.095,1.238,1.0769715309143066
1998-04-20,1998-05-18,1.109,1.109,1.247,1.0720406770706177
1998-05-18,1998-05-25,1.108,1.109,1.255,1.094570517539978
1998-05-18,1998-06-01,1.104,1.108,1.258,1.098366379737854
1998-05-18,1998-06-08,1.113,1.104,1.251,1.0951194763183594
1998-05-18,1998-06-15,1.104,1.113,1.242,1.0934648513793945
1998-06-15,1998-06-22,1.096,1.104,1.232,1.0970828533172607
1998-06-15,1998-06-29,1.096,1.096,1.226,1.0952860116958618
1998-06-15,1998-07-06,1.097,1.096,1.222,1.103803277015686
1998-06-15,1998-07-13,1.092,1.097,1.219,1.096295952796936
1998-07-13,1998-07-20,1.097,1.092,1.222,1.0951429605484009
1998-07-13,1998-07-27,1.088,1.097,1.216,1.0902197360992432
1998-07-13,1998-08-03,1.077,1.088,1.237,1.095003604888916
1998-07-13,1998-08-10,1.072,1.077,1.272,1.0946192741394043
1998-08-10,1998-08-17,1.065,1.072,1.274,1.0719537734985352
1998-08-10,1998-08-24,1.058,1.065,1.288,1.0685628652572632
1998-08-10,1998-08-31,1.053,1.058,1.287,1.0731358528137207
1998-08-10,1998-09-07,1.046,1.053,1.288,1.073972463607788
1998-09-07,1998-09-14,1.042,1.046,1.281,1.0631006956100464
1998-09-07,1998-09-21,1.053,1.042,1.269,1.0646741390228271
1998-09-07,1998-09-28,1.053,1.053,1.255,1.0686731338500977
1998-09-07,1998-10-05,1.059,1.053,1.254,1.0721187591552734
1998-10-05,1998-10-12,1.063,1.059,1.248,1.0640039443969727
1998-10-05,1998-10-19,1.058,1.063,1.238,1.0752012729644775
1998-10-05,1998-10-26,1.055,1.058,1.228,1.0743544101715088
1998-10-05,1998-11-02,1.05,1.055,1.221,1.0735242366790771
1998-11-02,1998-11-09,1.048,1.05,1.222,1.0544209480285645
1998-11-02,1998-11-16,1.037,1.048,1.213,1.0560574531555176
1998-11-02,1998-11-23,1.03,1.037,1.207,1.0575470924377441
1998-11-02,1998-11-30,1.015,1.03,1.197,1.0583136081695557
1998-11-30,1998-12-07,0.996,1.015,1.187,1.0163354873657227
1998-11-30,1998-12-14,0.987,0.996,1.176,1.018479824066162
1998-11-30,1998-12-21,0.986,0.987,1.167,1.0195003747940063
1998-11-30,1998-12-28,0.979,0.986,1.158,1.0195037126541138
1998-12-28,1999-01-04,0.977,0.979,1.148,1.0434901714324951
1998-12-28,1999-01-11,0.982,0.977,1.14,1.0511919260025024
1998-12-28,1999-01-18,0.985,0.982,1.129,1.0435242652893066
1998-12-28,1999-01-25,0.977,0.985,1.112,1.0459082126617432
1999-01-25,1999-02-01,0.971,0.977,1.108,0.9815789461135864
1999-01-25,1999-02-08,0.968,0.971,1.101,0.9858342409133911
1999-01-25,1999-02-15,0.96,0.968,1.085,0.9848340153694153
1999-01-25,1999-02-22,0.949,0.96,1.09,0.9853410720825195
1999-02-22,1999-03-01,0.955,0.949,1.075,0.9503588676452637
1999-02-22,1999-03-08,0.963,0.955,1.065,0.9537893533706665
1999-02-22,1999-03-15,1.017,0.963,1.055,0.9557378888130188
1999-02-22,1999-03-22,1.056,1.017,1.047,0.961703360080719
1999-03-22,1999-03-29,1.121,1.056,1.077,1.0683263540267944
1999-03-22,1999-04-05,1.158,1.121,1.074,1.0857734680175781
1999-03-22,1999-04-12,1.179,1.158,1.072,1.0976154804229736
1999-03-22,1999-04-19,1.175,1.179,1.075,1.113891839981079
1999-04-19,1999-04-26,1.171,1.175,1.086,1.1743563413619995
1999-04-19,1999-05-03,1.176,1.171,1.095,1.1818619966506958
1999-04-19,1999-05-10,1.18,1.176,1.109,1.178881287574768
1999-04-19,1999-05-17,1.18,1.18,1.109,1.1755398511886597
1999-05-17,1999-05-24,1.166,1.18,1.108,1.1713643074035645
1999-05-17,1999-05-31,1.151,1.166,1.104,1.1700834035873413
1999-05-17,1999-06-07,1.152,1.151,1.113,1.176939845085144
1999-05-17,1999-06-14,1.148,1.152,1.104,1.1765435934066772
1999-06-14,1999-06-21,1.163,1.148,1.096,1.1499261856079102
1999-06-14,1999-06-28,1.153,1.163,1.096,1.152571201324463
1999-06-14,1999-07-05,1.165,1.153,1.097,1.1722686290740967
1999-06-14,1999-07-12,1.182,1.165,1.092,1.1795145273208618
1999-07-12,1999-07-19,1.208,1.182,1.097,1.1846089363098145
1999-07-12,1999-07-26,1.232,1.208,1.088,1.191054105758667
1999-07-12,1999-08-02,1.234,1.232,1.077,1.1978099346160889
1999-07-12,1999-08-09,1.246,1.234,1.072,1.1975438594818115
1999-08-09,1999-08-16,1.275,1.246,1.065,1.243567705154419
1999-08-09,1999-08-23,1.273,1.275,1.058,1.2505244016647339
1999-08-09,1999-08-30,1.273,1.273,1.053,1.2482048273086548
1999-08-09,1999-09-06,1.282,1.273,1.046,1.2479124069213867
1999-09-06,1999-09-13,1.29,1.282,1.042,1.2768354415893555
1999-09-06,1999-09-20,1.307,1.29,1.053,1.2743438482284546
1999-09-06,1999-09-27,1.302,1.307,1.053,1.2692062854766846
1999-09-06,1999-10-04,1.296,1.302,1.059,1.259605050086975
1999-10-04,1999-10-11,1.29,1.296,1.063,1.277631402015686
1999-10-04,1999-10-18,1.277,1.29,1.058,1.287702202796936
1999-10-04,1999-10-25,1.277,1.277,1.055,1.2864891290664673
1999-10-04,1999-11-01,1.271,1.277,1.05,1.2844653129577637
1999-11-01,1999-11-08,1.274,1.271,1.048,1.2718582153320312
1999-11-01,1999-11-15,1.292,1.274,1.037,1.281498908996582
1999-11-01,1999-11-22,1.309,1.292,1.03,1.2903002500534058
1999-11-01,1999-11-29,1.315,1.309,1.015,1.2910332679748535
1999-11-29,1999-12-06,1.313,1.315,0.996,1.309419870376587
1999-11-29,1999-12-13,1.315,1.313,0.987,1.3032200336456299
1999-11-29,1999-12-20,1.31,1.315,0.986,1.303706169128418
1999-11-29,1999-12-27,1.314,1.31,0.979,1.3034311532974243
1999-12-27,2000-01-03,1.312,1.314,0.977,1.2889717817306519
1999-12-27,2000-01-10,1.304,1.312,0.982,1.281182050704956
1999-12-27,2000-01-17,1.318,1.304,0.985,1.2844934463500977
1999-12-27,2000-01-24,1.354,1.318,0.977,1.2871006727218628
2000-01-24,2000-01-31,1.355,1.354,0.971,1.3229931592941284
2000-01-24,2000-02-07,1.364,1.355,0.968,1.3265233039855957
2000-01-24,2000-02-14,1.394,1.364,0.96,1.3519542217254639
2000-01-24,2000-02-21,1.443,1.394,0.949,1.3521950244903564
2000-02-21,2000-02-28,1.458,1.443,0.955,1.44147527217865
2000-02-21,2000-03-06,1.539,1.458,0.963,1.4399174451828003
2000-02-21,2000-03-13,1.566,1.539,1.017,1.436673879623413
2000-02-21,2000-03-20,1.569,1.566,1.056,1.409711241722107
2000-03-20,2000-03-27,1.549,1.569,1.121,1.5236262083053589
2000-03-20,2000-04-03,1.543,1.549,1.158,1.5153230428695679
2000-03-20,2000-04-10,1.516,1.543,1.179,1.511149287223816
2000-03-20,2000-04-17,1.486,1.516,1.175,1.51034677028656
2000-04-17,2000-04-24,1.478,1.486,1.171,1.483002781867981
2000-04-17,2000-05-01,1.461,1.478,1.176,1.481602668762207
2000-04-17,2000-05-08,1.495,1.461,1.18,1.4819471836090088
2000-04-17,2000-05-15,1.531,1.495,1.18,1.5054529905319214
2000-05-15,2000-05-22,1.566,1.531,1.166,1.5258744955062866
2000-05-15,2000-05-29,1.579,1.566,1.151,1.5337857007980347
2000-05-15,2000-06-05,1.599,1.579,1.152,1.536124348640442
2000-05-15,2000-06-12,1.664,1.599,1.148,1.5322128534317017
2000-06-12,2000-06-19,1.711,1.664,1.163,1.6518911123275757
2000-06-12,2000-06-26,1.691,1.711,1.153,1.6513636112213135
2000-06-12,2000-07-03,1.661,1.691,1.165,1.650160312652588
2000-06-12,2000-07-10,1.63,1.661,1.182,1.6300818920135498
2000-07-10,2000-07-17,1.586,1.63,1.208,1.645570158958435
2000-07-10,2000-07-24,1.562,1.586,1.232,1.6311007738113403
2000-07-10,2000-07-31,1.514,1.562,1.234,1.6219440698623657
2000-07-10,2000-08-07,1.504,1.514,1.246,1.6146067380905151
2000-08-07,2000-08-14,1.489,1.504,1.275,1.5487703084945679
2000-08-07,2000-08-21,1.508,1.489,1.273,1.5632022619247437
2000-08-07,2000-08-28,1.521,1.508,1.273,1.571101427078247
2000-08-07,2000-09-04,1.568,1.521,1.282,1.5818148851394653
2000-09-04,2000-09-11,1.598,1.568,1.29,1.5798628330230713
2000-09-04,2000-09-18,1.599,1.598,1.307,1.5869816541671753
2000-09-04,2000-09-25,1.586,1.599,1.302,1.6083548069000244
2000-09-04,2000-10-02,1.563,1.586,1.296,1.5819309949874878
2000-10-02,2000-10-09,1.541,1.563,1.29,1.554656982421875
2000-10-02,2000-10-16,1.578,1.541,1.277,1.5452227592468262
2000-10-02,2000-10-23,1.588,1.578,1.277,1.568537950515747
2000-10-02,2000-10-30,1.584,1.588,1.271,1.561244249343872
2000-10-30,2000-11-06,1.565,1.584,1.274,1.556248664855957
2000-10-30,2000-11-13,1.562,1.565,1.292,1.5494698286056519
2000-10-30,2000-11-20,1.55,1.562,1.309,1.546899676322937
2000-10-30,2000-11-27,1.549,1.55,1.315,1.5441679954528809
2000-11-27,2000-12-04,1.526,1.549,1.313,1.5536717176437378
2000-11-27,2000-12-11,1.49,1.526,1.315,1.5583641529083252
2000-11-27,2000-12-18,1.462,1.49,1.31,1.5278185606002808
2000-11-27,2000-12-25,1.453,1.462,1.314,1.5223816633224487
2000-12-25,2001-01-01,1.446,1.453,1.312,1.450303554534912
2000-12-25,2001-01-08,1.465,1.446,1.304,1.4505653381347656
2000-12-25,2001-01-15,1.513,1.465,1.318,1.456620693206787
2000-12-25,2001-01-22,1.511,1.513,1.354,1.4744962453842163
2001-01-22,2001-01-29,1.5,1.511,1.355,1.5064597129821777
2001-01-22,2001-02-05,1.483,1.5,1.364,1.5038658380508423
2001-01-22,2001-02-12,1.515,1.483,1.394,1.512689471244812
2001-01-22,2001-02-19,1.489,1.515,1.443,1.51472008228302
2001-02-19,2001-02-26,1.471,1.489,1.458,1.497879147529602
2001-02-19,2001-03-05,1.457,1.471,1.539,1.4918880462646484
2001-02-19,2001-03-12,1.453,1.457,1.566,1.4779047966003418
2001-02-19,2001-03-19,1.444,1.453,1.569,1.4769896268844604
2001-03-19,2001-03-26,1.445,1.444,1.549,1.4492167234420776
2001-03-19,2001-04-02,1.482,1.445,1.543,1.4504543542861938
2001-03-19,2001-04-09,1.54,1.482,1.516,1.4655715227127075
2001-03-19,2001-04-16,1.61,1.54,1.486,1.5234395265579224
2001-04-16,2001-04-23,1.658,1.61,1.478,1.606024980545044
2001-04-16,2001-04-30,1.665,1.658,1.461,1.6197738647460938
2001-04-16,2001-05-07,1.739,1.665,1.495,1.6614222526550293
2001-04-16,2001-05-14,1.748,1.739,1.531,1.6622287034988403
2001-05-14,2001-05-21,1.724,1.748,1.566,1.7421077489852905
2001-05-14,2001-05-28,1.739,1.724,1.579,1.7305231094360352
2001-05-14,2001-06-04,1.715,1.739,1.599,1.71150541305542
2001-05-14,2001-06-11,1.688,1.715,1.664,1.7107627391815186
2001-06-11,2001-06-18,1.644,1.688,1.711,1.6928987503051758
2001-06-11,2001-06-25,1.583,1.644,1.691,1.6694879531860352
2001-06-11,2001-07-02,1.52,1.583,1.661,1.594813346862793
2001-06-11,2001-07-09,1.484,1.52,1.63,1.5532289743423462
2001-07-09,2001-07-16,1.459,1.484,1.586,1.517616868019104
2001-07-09,2001-07-23,1.44,1.459,1.562,1.515529751777649
2001-07-09,2001-07-30,1.428,1.44,1.514,1.4936842918395996
2001-07-09,2001-08-06,1.419,1.428,1.504,1.4963380098342896
2001-08-06,2001-08-13,1.434,1.419,1.489,1.4281467199325562
2001-08-06,2001-08-20,1.467,1.434,1.508,1.4313302040100098
2001-08-06,2001-08-27,1.523,1.467,1.521,1.4756593704223633
2001-08-06,2001-09-03,1.579,1.523,1.568,1.5185877084732056
2001-09-03,2001-09-10,1.562,1.579,1.598,1.5819391012191772
2001-09-03,2001-09-17,1.564,1.562,1.599,1.5800873041152954
2001-09-03,2001-09-24,1.522,1.564,1.586,1.5405867099761963
2001-09-03,2001-10-01,1.455,1.522,1.563,1.515976905822754
2001-10-01,2001-10-08,1.393,1.455,1.541,1.4395421743392944
2001-10-01,2001-10-15,1.351,1.393,1.578,1.4225248098373413
2001-10-01,2001-10-22,1.307,1.351,1.588,1.4096823930740356
2001-10-01,2001-10-29,1.277,1.307,1.584,1.4057341814041138
2001-10-29,2001-11-05,1.249,1.277,1.565,1.2924506664276123
2001-10-29,2001-11-12,1.224,1.249,1.562,1.2955992221832275
2001-10-29,2001-11-19,1.208,1.224,1.55,1.2952882051467896
2001-10-29,2001-11-26,1.168,1.208,1.549,1.296567678451538
2001-11-26,2001-12-03,1.149,1.168,1.526,1.1861275434494019
2001-11-26,2001-12-10,1.136,1.149,1.49,1.1713277101516724
2001-11-26,2001-12-17,1.101,1.136,1.462,1.1695002317428589
2001-11-26,2001-12-24,1.113,1.101,1.453,1.1699782609939575
2001-12-24,2001-12-31,1.137,1.113,1.446,1.2054685354232788
2001-12-24,2002-01-07,1.152,1.137,1.465,1.2434608936309814
2001-12-24,2002-01-14,1.152,1.152,1.513,1.2362366914749146
2001-12-24,2002-01-21,1.146,1.152,1.511,1.2391579151153564
2002-01-21,2002-01-28,1.142,1.146,1.5,1.1467593908309937
2002-01-21,2002-02-04,1.157,1.142,1.483,1.1483893394470215
2002-01-21,2002-02-11,1.148,1.157,1.515,1.1499056816101074
2002-01-21,2002-02-18,1.157,1.148,1.489,1.170698642730713
2002-02-18,2002-02-25,1.157,1.157,1.471,1.1508172750473022
2002-02-18,2002-03-04,1.185,1.157,1.457,1.2012238502502441
2002-02-18,2002-03-11,1.262,1.185,1.453,1.2189538478851318
2002-02-18,2002-03-18,1.328,1.262,1.444,1.2335047721862793
2002-03-18,2002-03-25,1.382,1.328,1.445,1.3238319158554077
2002-03-18,2002-04-01,1.412,1.382,1.482,1.3310620784759521
2002-03-18,2002-04-08,1.454,1.412,1.54,1.3371669054031372
2002-03-18,2002-04-15,1.446,1.454,1.61,1.3571412563323975
2002-04-15,2002-04-22,1.446,1.446,1.658,1.4343690872192383
2002-04-15,2002-04-29,1.435,1.446,1.665,1.453170657157898
2002-04-15,2002-05-06,1.437,1.435,1.739,1.4580707550048828
2002-04-15,2002-05-13,1.431,1.437,1.748,1.4512486457824707
2002-05-13,2002-05-20,1.439,1.431,1.724,1.4627383947372437
2002-05-13,2002-05-27,1.429,1.439,1.739,1.4625993967056274
2002-05-13,2002-06-03,1.433,1.429,1.715,1.464819073677063
2002-05-13,2002-06-10,1.417,1.433,1.688,1.4576756954193115
2002-06-10,2002-06-17,1.419,1.417,1.644,1.4157859086990356
2002-06-10,2002-06-24,1.425,1.419,1.583,1.4286223649978638
2002-06-10,2002-07-01,1.433,1.425,1.52,1.409706711769104
2002-06-10,2002-07-08,1.423,1.433,1.484,1.436702847480774
2002-07-08,2002-07-15,1.435,1.423,1.459,1.4261589050292969
2002-07-08,2002-07-22,1.451,1.435,1.44,1.4305588006973267
2002-07-08,2002-07-29,1.447,1.451,1.428,1.4271111488342285
2002-07-08,2002-08-05,1.437,1.447,1.419,1.4282820224761963
2002-08-05,2002-08-12,1.435,1.437,1.434,1.4408222436904907
2002-08-05,2002-08-19,1.434,1.435,1.467,1.4495843648910522
2002-08-05,2002-08-26,1.444,1.434,1.523,1.4461246728897095
2002-08-05,2002-09-02,1.436,1.444,1.579,1.445501685142517
2002-09-02,2002-09-09,1.437,1.436,1.562,1.4500869512557983
2002-09-02,2002-09-16,1.442,1.437,1.564,1.4504553079605103
2002-09-02,2002-09-23,1.436,1.442,1.522,1.4513587951660156
2002-09-02,2002-09-30,1.455,1.436,1.455,1.4527370929718018
2002-09-30,2002-10-07,1.48,1.455,1.393,1.449959635734558
2002-09-30,2002-10-14,1.481,1.48,1.351,1.4851003885269165
2002-09-30,2002-10-21,1.499,1.481,1.307,1.4846723079681396
2002-09-30,2002-10-28,1.485,1.499,1.277,1.4819495677947998
2002-10-28,2002-11-04,1.489,1.485,1.249,1.4878920316696167
2002-10-28,2002-11-11,1.48,1.489,1.224,1.4804214239120483
2002-10-28,2002-11-18,1.451,1.48,1.208,1.4878666400909424
2002-10-28,2002-11-25,1.423,1.451,1.168,1.4650366306304932
2002-11-25,2002-12-02,1.408,1.423,1.149,1.4391287565231323
2002-11-25,2002-12-09,1.404,1.408,1.136,1.4423034191131592
2002-11-25,2002-12-16,1.407,1.404,1.101,1.4505892992019653
2002-11-25,2002-12-23,1.443,1.407,1.113,1.4510914087295532
2002-12-23,2002-12-30,1.484,1.443,1.137,1.4628351926803589
2002-12-23,2003-01-06,1.487,1.484,1.152,1.4961241483688354
2002-12-23,2003-01-13,1.496,1.487,1.152,1.505539059638977
2002-12-23,2003-01-20,1.502,1.496,1.146,1.5003000497817993
2003-01-20,2003-01-27,1.515,1.502,1.142,1.494854211807251
2003-01-20,2003-02-03,1.569,1.515,1.157,1.4846833944320679
2003-01-20,2003-02-10,1.649,1.569,1.148,1.5494723320007324
2003-01-20,2003-02-17,1.701,1.649,1.157,1.6026582717895508
2003-02-17,2003-02-24,1.699,1.701,1.157,1.70106041431427
2003-02-17,2003-03-03,1.726,1.699,1.185,1.7197152376174927
2003-02-17,2003-03-10,1.752,1.726,1.262,1.7295031547546387
2003-02-17,2003-03-17,1.768,1.752,1.328,1.7290698289871216
2003-03-17,2003-03-24,1.732,1.768,1.382,1.7604196071624756
2003-03-17,2003-03-31,1.692,1.732,1.412,1.741603970527649
2003-03-17,2003-04-07,1.673,1.692,1.454,1.7294538021087646
2003-03-17,2003-04-14,1.639,1.673,1.446,1.7214200496673584
2003-04-14,2003-04-21,1.618,1.639,1.446,1.6351052522659302
2003-04-14,2003-04-28,1.6,1.618,1.435,1.6064618825912476
2003-04-14,2003-05-05,1.556,1.6,1.437,1.5926144123077393
2003-04-14,2003-05-12,1.534,1.556,1.431,1.569144368171692
2003-05-12,2003-05-19,1.539,1.534,1.439,1.5372343063354492
2003-05-12,2003-05-26,1.528,1.539,1.429,1.5321305990219116
2003-05-12,2003-06-02,1.514,1.528,1.433,1.5431462526321411
2003-05-12,2003-06-09,1.53,1.514,1.417,1.5043779611587524
2003-06-09,2003-06-16,1.558,1.53,1.419,1.5355247259140015
2003-06-09,2003-06-23,1.537,1.558,1.425,1.5407207012176514
2003-06-09,2003-06-30,1.528,1.537,1.433,1.5313332080841064
2003-06-09,2003-07-07,1.53,1.528,1.423,1.5288269519805908
2003-07-07,2003-07-14,1.563,1.53,1.435,1.529559850692749
2003-07-07,2003-07-21,1.566,1.563,1.451,1.5282598733901978
2003-07-07,2003-07-28,1.558,1.566,1.447,1.5303720235824585
2003-07-07,2003-08-04,1.576,1.558,1.437,1.5263890027999878
2003-08-04,2003-08-11,1.611,1.576,1.435,1.5685672760009766
2003-08-04,2003-08-18,1.668,1.611,1.434,1.5808749198913574
2003-08-04,2003-08-25,1.787,1.668,1.444,1.5946154594421387
2003-08-04,2003-09-01,1.786,1.787,1.436,1.6017165184020996
2003-09-01,2003-09-08,1.758,1.786,1.437,1.7553993463516235
2003-09-01,2003-09-15,1.739,1.758,1.442,1.7004555463790894
2003-09-01,2003-09-22,1.686,1.739,1.436,1.700713038444519
2003-09-01,2003-09-29,1.635,1.686,1.455,1.6949924230575562
2003-09-29,2003-10-06,1.617,1.635,1.48,1.6264119148254395
2003-09-29,2003-10-13,1.611,1.617,1.481,1.6165894269943237
2003-09-29,2003-10-20,1.612,1.611,1.499,1.591789722442627
2003-09-29,2003-10-27,1.584,1.612,1.485,1.6002010107040405
2003-10-27,2003-11-03,1.577,1.584,1.489,1.5783863067626953
2003-10-27,2003-11-10,1.547,1.577,1.48,1.5762609243392944
2003-10-27,2003-11-17,1.54,1.547,1.451,1.5527219772338867
2003-10-27,2003-11-24,1.554,1.54,1.423,1.5439822673797607
2003-11-24,2003-12-01,1.533,1.554,1.408,1.5426931381225586
2003-11-24,2003-12-08,1.519,1.533,1.404,1.5432493686676025
2003-11-24,2003-12-15,1.509,1.519,1.407,1.5500675439834595
2003-11-24,2003-12-22,1.528,1.509,1.443,1.5579556226730347
2003-12-22,2003-12-29,1.521,1.528,1.484,1.550478458404541
2003-12-22,2004-01-05,1.552,1.521,1.487,1.5585806369781494
2003-12-22,2004-01-12,1.603,1.552,1.496,1.5608620643615723
2003-12-22,2004-01-19,1.637,1.603,1.502,1.5920734405517578
2004-01-19,2004-01-26,1.664,1.637,1.515,1.628409743309021
2004-01-19,2004-02-02,1.66,1.664,1.569,1.7228962182998657
2004-01-19,2004-02-09,1.681,1.66,1.649,1.7274234294891357
2004-01-19,2004-02-16,1.69,1.681,1.701,1.7261126041412354
2004-02-16,2004-02-23,1.73,1.69,1.699,1.698384165763855
2004-02-16,2004-03-01,1.758,1.73,1.726,1.7104568481445312
2004-02-16,2004-03-08,1.78,1.758,1.752,1.6950435638427734
2004-02-16,2004-03-15,1.767,1.78,1.768,1.6905745267868042
2004-03-15,2004-03-22,1.785,1.767,1.732,1.6939477920532227
2004-03-15,2004-03-29,1.8,1.785,1.692,1.6896090507507324
2004-03-15,2004-04-05,1.822,1.8,1.673,1.6683239936828613
2004-03-15,2004-04-12,1.827,1.822,1.639,1.6584444046020508
2004-04-12,2004-04-19,1.853,1.827,1.618,1.784282922744751
2004-04-12,2004-04-26,1.853,1.853,1.6,1.7572007179260254
2004-04-12,2004-05-03,1.884,1.853,1.556,1.7938873767852783
2004-04-12,2004-05-10,1.979,1.884,1.534,1.8216423988342285
2004-05-10,2004-05-17,2.055,1.979,1.539,1.9691981077194214
2004-05-10,2004-05-24,2.104,2.055,1.528,1.938996434211731
2004-05-10,2004-05-31,2.092,2.104,1.514,1.939931869506836
2004-05-10,2004-06-07,2.075,2.092,1.53,1.8773717880249023
2004-06-07,2004-06-14,2.029,2.075,1.558,1.9400769472122192
2004-06-07,2004-06-21,1.981,2.029,1.537,1.931910514831543
2004-06-07,2004-06-28,1.965,1.981,1.528,1.9309349060058594
2004-06-07,2004-07-05,1.939,1.965,1.53,1.9490900039672852
2004-07-05,2004-07-12,1.959,1.939,1.563,1.965330958366394
2004-07-05,2004-07-19,1.971,1.959,1.566,2.0220367908477783
2004-07-05,2004-07-26,1.948,1.971,1.558,1.9887208938598633
2004-07-05,2004-08-02,1.93,1.948,1.576,2.000476837158203
2004-08-02,2004-08-09,1.92,1.93,1.611,1.933678388595581
2004-08-02,2004-08-16,1.917,1.92,1.668,1.9351593255996704
2004-08-02,2004-08-23,1.926,1.917,1.787,1.9331107139587402
2004-08-02,2004-08-30,1.909,1.926,1.786,1.9407103061676025
2004-08-30,2004-09-06,1.893,1.909,1.758,1.9129010438919067
2004-08-30,2004-09-13,1.889,1.893,1.739,1.9172166585922241
2004-08-30,2004-09-20,1.908,1.889,1.686,1.9201692342758179
2004-08-30,2004-09-27,1.959,1.908,1.635,1.9108859300613403
2004-09-27,2004-10-04,1.98,1.959,1.617,1.947924256324768
2004-09-27,2004-10-11,2.035,1.98,1.611,1.955216407775879
2004-09-27,2004-10-18,2.077,2.035,1.612,1.9861605167388916
2004-09-27,2004-10-25,2.074,2.077,1.584,2.020055055618286
2004-10-25,2004-11-01,2.076,2.074,1.577,2.0342624187469482
2004-10-25,2004-11-08,2.045,2.076,1.547,2.0095624923706055
2004-10-25,2004-11-15,2.014,2.045,1.54,1.9971277713775635
2004-10-25,2004-11-22,1.992,2.014,1.554,1.9766632318496704
2004-11-22,2004-11-29,1.989,1.992,1.533,1.9834975004196167
2004-11-22,2004-12-06,1.956,1.989,1.519,1.984215259552002
2004-11-22,2004-12-13,1.893,1.956,1.509,1.9388576745986938
2004-11-22,2004-12-20,1.861,1.893,1.528,1.9389294385910034
2004-12-20,2004-12-27,1.838,1.861,1.521,1.8927160501480103
2004-12-20,2005-01-03,1.824,1.838,1.552,1.8666188716888428
2004-12-20,2005-01-10,1.837,1.824,1.603,1.8598171472549438
2004-12-20,2005-01-17,1.863,1.837,1.637,1.858697533607483
2005-01-17,2005-01-24,1.896,1.863,1.664,1.866826057434082
2005-01-17,2005-01-31,1.953,1.896,1.66,1.8892366886138916
2005-01-17,2005-02-07,1.952,1.953,1.681,1.9069404602050781
2005-01-17,2005-02-14,1.941,1.952,1.69,1.9067929983139038
2005-02-14,2005-02-21,1.948,1.941,1.73,1.9460302591323853
2005-02-14,2005-02-28,1.969,1.948,1.758,1.9457851648330688
2005-02-14,2005-03-07,2.04,1.969,1.78,1.9611198902130127
2005-02-14,2005-03-14,2.098,2.04,1.767,2.0502257347106934
2005-03-14,2005-03-21,2.149,2.098,1.785,2.0831992626190186
2005-03-14,2005-03-28,2.194,2.149,1.8,2.0426900386810303
2005-03-14,2005-04-04,2.258,2.194,1.822,2.033066511154175
2005-03-14,2005-04-11,2.321,2.258,1.827,2.0137693881988525
2005-04-11,2005-04-18,2.28,2.321,1.853,2.303358554840088
2005-04-11,2005-04-25,2.279,2.28,1.853,2.273484468460083
2005-04-11,2005-05-02,2.277,2.279,1.884,2.256129503250122
2005-04-11,2005-05-09,2.231,2.277,1.979,2.2536933422088623
2005-05-09,2005-05-16,2.206,2.231,2.055,2.218052864074707
2005-05-09,2005-05-23,2.169,2.206,2.104,2.163904905319214
2005-05-09,2005-05-30,2.141,2.169,2.092,2.161970615386963
2005-05-09,2005-06-06,2.159,2.141,2.075,2.195173501968384
2005-06-06,2005-06-13,2.173,2.159,2.029,2.151963472366333
2005-06-06,2005-06-20,2.204,2.173,1.981,2.1433279514312744
2005-06-06,2005-06-27,2.257,2.204,1.965,2.22442626953125
2005-06-06,2005-07-04,2.268,2.257,1.939,2.2549870014190674
2005-07-04,2005-07-11,2.369,2.268,1.959,2.2830936908721924
2005-07-04,2005-07-18,2.36,2.369,1.971,2.283219337463379
2005-07-04,2005-07-25,2.333,2.36,1.948,2.2834720611572266
2005-07-04,2005-08-01,2.335,2.333,1.93,2.279762029647827
2005-08-01,2005-08-08,2.41,2.335,1.92,2.3314833641052246
2005-08-01,2005-08-15,2.592,2.41,1.917,2.3348782062530518
2005-08-01,2005-08-22,2.654,2.592,1.926,2.3380396366119385
2005-08-01,2005-08-29,2.653,2.654,1.909,2.324083089828491
2005-08-29,2005-09-05,3.117,2.653,1.893,2.6499714851379395
2005-08-29,2005-09-12,3.002,3.117,1.889,2.454272747039795
2005-08-29,2005-09-19,2.835,3.002,1.908,2.6443886756896973
2005-08-29,2005-09-26,2.851,2.835,1.959,2.6449508666992188
2005-09-26,2005-10-03,2.975,2.851,1.98,3.014641046524048
2005-09-26,2005-10-10,2.896,2.975,2.035,2.95200514793396
2005-09-26,2005-10-17,2.775,2.896,2.077,3.0132927894592285
2005-09-26,2005-10-24,2.652,2.775,2.074,2.950873374938965
2005-10-24,2005-10-31,2.528,2.652,2.076,2.644606590270996
2005-10-24,2005-11-07,2.424,2.528,2.045,2.645904064178467
2005-10-24,2005-11-14,2.342,2.424,2.014,2.647576093673706
2005-10-24,2005-11-21,2.247,2.342,1.992,2.6383321285247803
2005-11-21,2005-11-28,2.2,2.247,1.989,2.2335045337677
2005-11-21,2005-12-05,2.191,2.2,1.956,2.2551567554473877
2005-11-21,2005-12-12,2.228,2.191,1.893,2.3126869201660156
2005-11-21,2005-12-19,2.255,2.228,1.861,2.347856283187866
2005-12-19,2005-12-26,2.241,2.255,1.838,2.218356132507324
2005-12-19,2006-01-02,2.281,2.241,1.824,2.262990713119507
2005-12-19,2006-01-09,2.371,2.281,1.837,2.382688045501709
2005-12-19,2006-01-16,2.366,2.371,1.863,2.4757044315338135
2006-01-16,2006-01-23,2.382,2.366,1.896,2.3844926357269287
2006-01-16,2006-01-30,2.402,2.382,1.953,2.619999885559082
2006-01-16,2006-02-06,2.388,2.402,1.952,2.8089473247528076
2006-01-16,2006-02-13,2.331,2.388,1.941,2.7000834941864014
2006-02-13,2006-02-20,2.286,2.331,1.948,2.356031656265259
2006-02-13,2006-02-27,2.298,2.286,1.969,2.3433096408843994
2006-02-13,2006-03-06,2.373,2.298,2.04,2.335176467895508
2006-02-13,2006-03-13,2.408,2.373,2.098,2.3573198318481445
2006-03-13,2006-03-20,2.548,2.408,2.149,2.3964180946350098
2006-03-13,2006-03-27,2.542,2.548,2.194,2.5234272480010986
2006-03-13,2006-04-03,2.631,2.542,2.258,2.5776262283325195
2006-03-13,2006-04-10,2.727,2.631,2.321,2.6152117252349854
2006-04-10,2006-04-17,2.828,2.727,2.28,2.746147394180298
2006-04-10,2006-04-24,2.96,2.828,2.279,2.8477072715759277
2006-04-10,2006-05-01,2.966,2.96,2.277,2.9781789779663086
2006-04-10,2006-05-08,2.955,2.966,2.231,2.977086305618286
2006-05-08,2006-05-15,2.992,2.955,2.206,2.9454541206359863
2006-05-08,2006-05-22,2.938,2.992,2.169,2.9285717010498047
2006-05-08,2006-05-29,2.913,2.938,2.141,2.9248125553131104
2006-05-08,2006-06-05,2.937,2.913,2.159,2.9360392093658447
2006-06-05,2006-06-12,2.951,2.937,2.173,2.937960386276245
2006-06-05,2006-06-19,2.917,2.951,2.204,2.9387753009796143
2006-06-05,2006-06-26,2.914,2.917,2.257,2.9293301105499268
2006-06-05,2006-07-03,2.979,2.914,2.268,2.930647611618042
2006-07-03,2006-07-10,3.017,2.979,2.369,2.929621696472168
2006-07-03,2006-07-17,3.033,3.017,2.36,2.9294795989990234
2006-07-03,2006-07-24,3.048,3.033,2.333,2.935096025466919
2006-07-03,2006-07-31,3.05,3.048,2.335,2.91495418548584
2006-07-31,2006-08-07,3.083,3.05,2.41,3.0393457412719727
2006-07-31,2006-08-14,3.047,3.083,2.592,3.0407960414886475
2006-07-31,2006-08-21,2.971,3.047,2.654,3.040424346923828
2006-07-31,2006-08-28,2.893,2.971,2.653,3.024308204650879
2006-08-28,2006-09-04,2.777,2.893,3.117,2.9168765544891357
2006-08-28,2006-09-11,2.67,2.777,3.002,2.9186506271362305
2006-08-28,2006-09-18,2.549,2.67,2.835,2.8897926807403564
2006-08-28,2006-09-25,2.429,2.549,2.851,2.8523240089416504
2006-09-25,2006-10-02,2.36,2.429,2.975,2.4193711280822754
2006-09-25,2006-10-09,2.31,2.36,2.896,2.3689892292022705
2006-09-25,2006-10-16,2.274,2.31,2.775,2.3601295948028564
2006-09-25,2006-10-23,2.255,2.274,2.652,2.350282907485962
2006-10-23,2006-10-30,2.264,2.255,2.528,2.2512285709381104
2006-10-23,2006-11-06,2.246,2.264,2.424,2.2733633518218994
2006-10-23,2006-11-13,2.278,2.246,2.342,2.255544662475586
2006-10-23,2006-11-20,2.285,2.278,2.247,2.264580726623535
2006-11-20,2006-11-27,2.292,2.285,2.2,2.2782249450683594
2006-11-20,2006-12-04,2.342,2.292,2.191,2.364600419998169
2006-11-20,2006-12-11,2.34,2.342,2.228,2.33339786529541
2006-11-20,2006-12-18,2.366,2.34,2.255,2.3906402587890625
2006-12-18,2006-12-25,2.387,2.366,2.241,2.372889280319214
2006-12-18,2007-01-01,2.382,2.387,2.281,2.363102674484253
2006-12-18,2007-01-08,2.354,2.382,2.371,2.356783151626587
2006-12-18,2007-01-15,2.28,2.354,2.366,2.3400771617889404
2007-01-15,2007-01-22,2.216,2.28,2.382,2.2889866828918457
2007-01-15,2007-01-29,2.213,2.216,2.402,2.220290184020996
2007-01-15,2007-02-05,2.237,2.213,2.388,2.2003068923950195
2007-01-15,2007-02-12,2.287,2.237,2.331,2.2314345836639404
2007-02-12,2007-02-19,2.341,2.287,2.286,2.292229175567627
2007-02-12,2007-02-26,2.428,2.341,2.298,2.3426077365875244
2007-02-12,2007-03-05,2.551,2.428,2.373,2.4654572010040283
2007-02-12,2007-03-12,2.605,2.551,2.408,2.458019256591797
2007-03-12,2007-03-19,2.623,2.605,2.548,2.5650994777679443
2007-03-12,2007-03-26,2.655,2.623,2.542,2.5608248710632324
2007-03-12,2007-04-02,2.753,2.655,2.631,2.651716947555542
2007-03-12,2007-04-09,2.848,2.753,2.727,2.698431968688965
2007-04-09,2007-04-16,2.922,2.848,2.828,2.7650246620178223
2007-04-09,2007-04-23,2.917,2.922,2.96,2.7810723781585693
2007-04-09,2007-04-30,3.017,2.917,2.966,2.7645349502563477
2007-04-09,2007-05-07,3.097,3.017,2.955,2.7968814373016357
2007-05-07,2007-05-14,3.143,3.097,2.992,2.9574406147003174
2007-05-07,2007-05-21,3.258,3.143,2.938,2.941117763519287
2007-05-07,2007-05-28,3.25,3.258,2.913,2.9708261489868164
2007-05-07,2007-06-04,3.2,3.25,2.937,2.9254133701324463
2007-06-04,2007-06-11,3.122,3.2,2.951,3.190955400466919
2007-06-04,2007-06-18,3.057,3.122,2.917,3.1325600147247314
2007-06-04,2007-06-25,3.029,3.057,2.914,3.069382429122925
2007-06-04,2007-07-02,3.005,3.029,2.979,3.0110342502593994
2007-07-02,2007-07-09,3.026,3.005,3.017,2.884965658187866
2007-07-02,2007-07-16,3.092,3.026,3.033,2.966172456741333
2007-07-02,2007-07-23,3.005,3.092,3.048,2.977627992630005
2007-07-02,2007-07-30,2.926,3.005,3.05,2.8592381477355957
2007-07-30,2007-08-06,2.888,2.926,3.083,2.8850603103637695
2007-07-30,2007-08-13,2.821,2.888,3.047,2.8580968379974365
2007-07-30,2007-08-20,2.832,2.821,2.971,2.803757905960083
2007-07-30,2007-08-27,2.796,2.832,2.893,2.829176664352417
2007-08-27,2007-09-03,2.84,2.796,2.777,2.7892909049987793
2007-08-27,2007-09-10,2.862,2.84,2.67,2.7540411949157715
2007-08-27,2007-09-17,2.835,2.862,2.549,2.729888677597046
2007-08-27,2007-09-24,2.86,2.835,2.429,2.725827217102051
2007-09-24,2007-10-01,2.838,2.86,2.36,2.8505990505218506
2007-09-24,2007-10-08,2.821,2.838,2.31,2.8276913166046143
2007-09-24,2007-10-15,2.813,2.821,2.274,2.7987945079803467
2007-09-24,2007-10-22,2.873,2.813,2.255,2.7805750370025635
2007-10-22,2007-10-29,2.921,2.873,2.264,2.8565008640289307
2007-10-22,2007-11-05,3.06,2.921,2.246,2.8834166526794434
2007-10-22,2007-11-12,3.158,3.06,2.278,2.949549913406372
2007-10-22,2007-11-19,3.148,3.158,2.285,2.9963934421539307
2007-11-19,2007-11-26,3.147,3.148,2.292,3.1561148166656494
2007-11-19,2007-12-03,3.113,3.147,2.342,3.1448752880096436
2007-11-19,2007-12-10,3.053,3.113,2.34,3.123234748840332
2007-11-19,2007-12-17,3.05,3.053,2.366,3.0801212787628174
2007-12-17,2007-12-24,3.032,3.05,2.387,3.064222812652588
2007-12-17,2007-12-31,3.104,3.032,2.382,3.0452680587768555
2007-12-17,2008-01-07,3.159,3.104,2.354,3.0676050186157227
2007-12-17,2008-01-14,3.119,3.159,2.28,3.096762180328369
2008-01-14,2008-01-21,3.07,3.119,2.216,3.1154544353485107
2008-01-14,2008-01-28,3.03,3.07,2.213,3.0553646087646484
2008-01-14,2008-02-04,3.03,3.03,2.237,2.9395151138305664
2008-01-14,2008-02-11,3.011,3.03,2.287,2.9448399543762207
2008-02-11,2008-02-18,3.092,3.011,2.341,2.989391326904297
2008-02-11,2008-02-25,3.18,3.092,2.428,3.0414915084838867
2008-02-11,2008-03-03,3.212,3.18,2.551,3.0713093280792236
2008-02-11,2008-03-10,3.273,3.212,2.605,3.07878041267395
2008-03-10,2008-03-17,3.332,3.273,2.623,3.1537156105041504
2008-03-10,2008-03-24,3.31,3.332,2.655,3.135061264038086
2008-03-10,2008-03-31,3.339,3.31,2.753,3.126535415649414
2008-03-10,2008-04-07,3.381,3.339,2.848,3.152107000350952
2008-04-07,2008-04-14,3.438,3.381,2.922,3.379164934158325
2008-04-07,2008-04-21,3.557,3.438,2.917,3.3645284175872803
2008-04-07,2008-04-28,3.653,3.557,3.017,3.3613181114196777
2008-04-07,2008-05-05,3.663,3.653,3.097,3.3524224758148193
2008-05-05,2008-05-12,3.771,3.663,3.143,3.6575679779052734
2008-05-05,2008-05-19,3.84,3.771,3.258,3.6542060375213623
2008-05-05,2008-05-26,3.986,3.84,3.25,3.655261516571045
2008-05-05,2008-06-02,4.026,3.986,3.2,3.6486754417419434
2008-06-02,2008-06-09,4.09,4.026,3.122,4.021083831787109
2008-06-02,2008-06-16,4.134,4.09,3.057,4.021643161773682
2008-06-02,2008-06-23,4.131,4.134,3.029,4.0162272453308105
2008-06-02,2008-06-30,4.146,4.131,3.005,4.01645565032959
2008-06-30,2008-07-07,4.165,4.146,3.026,4.137522220611572
2008-06-30,2008-07-14,4.164,4.165,3.092,4.134766578674316
2008-06-30,2008-07-21,4.118,4.164,3.005,4.0385966300964355
2008-06-30,2008-07-28,4.01,4.118,2.926,3.8460965156555176
2008-07-28,2008-08-04,3.935,4.01,2.888,3.8742830753326416
2008-07-28,2008-08-11,3.864,3.935,2.821,3.6541693210601807
2008-07-28,2008-08-18,3.794,3.864,2.832,3.65906023979187
2008-07-28,2008-08-25,3.738,3.794,2.796,3.659479856491089
2008-08-25,2008-09-01,3.733,3.738,2.84,3.735933780670166
2008-08-25,2008-09-08,3.701,3.733,2.862,3.5372698307037354
2008-08-25,2008-09-15,3.887,3.701,2.835,3.477443218231201
2008-08-25,2008-09-22,3.772,3.887,2.86,3.7438535690307617
2008-09-22,2008-09-29,3.687,3.772,2.838,3.750005006790161
2008-09-22,2008-10-06,3.543,3.687,2.821,3.717973232269287
2008-09-22,2008-10-13,3.213,3.543,2.813,3.7096588611602783
2008-09-22,2008-10-20,2.974,3.213,2.873,3.6984832286834717
2008-10-20,2008-10-27,2.718,2.974,2.921,2.8750722408294678
2008-10-20,2008-11-03,2.462,2.718,3.06,2.8109614849090576
2008-10-20,2008-11-10,2.284,2.462,3.158,2.7441108226776123
2008-10-20,2008-11-17,2.132,2.284,3.148,2.7005138397216797
2008-11-17,2008-11-24,1.952,2.132,3.147,2.1370718479156494
2008-11-17,2008-12-01,1.87,1.952,3.113,2.1405868530273438
2008-11-17,2008-12-08,1.758,1.87,3.053,2.1532514095306396
2008-11-17,2008-12-15,1.716,1.758,3.05,2.1575777530670166
2008-12-15,2008-12-22,1.71,1.716,3.032,1.7213478088378906
2008-12-15,2008-12-29,1.67,1.71,3.104,1.7446177005767822
2008-12-15,2009-01-05,1.737,1.67,3.159,1.7552989721298218
2008-12-15,2009-01-12,1.835,1.737,3.119,1.7683639526367188
2009-01-12,2009-01-19,1.898,1.835,3.07,1.79194176197052
2009-01-12,2009-01-26,1.89,1.898,3.03,1.7933934926986694
2009-01-12,2009-02-02,1.944,1.89,3.03,1.811701774597168
2009-01-12,2009-02-09,1.978,1.944,3.011,1.8111205101013184
2009-02-09,2009-02-16,2.016,1.978,3.092,1.9797035455703735
2009-02-09,2009-02-23,1.963,2.016,3.18,2.0028419494628906
2009-02-09,2009-03-02,1.988,1.963,3.212,2.0033912658691406
2009-02-09,2009-03-09,1.993,1.988,3.273,2.0045464038848877
2009-03-09,2009-03-16,1.964,1.993,3.332,1.9792249202728271
2009-03-09,2009-03-23,2.014,1.964,3.31,1.9953895807266235
2009-03-09,2009-03-30,2.097,2.014,3.339,1.993343710899353
2009-03-09,2009-04-06,2.09,2.097,3.381,2.0487358570098877
2009-04-06,2009-04-13,2.104,2.09,3.438,2.129659414291382
2009-04-06,2009-04-20,2.112,2.104,3.557,2.1330034732818604
2009-04-06,2009-04-27,2.102,2.112,3.653,2.1328351497650146
2009-04-06,2009-05-04,2.129,2.102,3.663,2.159064769744873
2009-05-04,2009-05-11,2.29,2.129,3.771,2.149076461791992
2009-05-04,2009-05-18,2.36,2.29,3.84,2.1474575996398926
2009-05-04,2009-05-25,2.485,2.36,3.986,2.138066053390503
2009-05-04,2009-06-01,2.572,2.485,4.026,2.4086382389068604
2009-06-01,2009-06-08,2.673,2.572,4.09,2.5946221351623535
2009-06-01,2009-06-15,2.722,2.673,4.134,2.596849203109741
2009-06-01,2009-06-22,2.743,2.722,4.131,2.6080493927001953
2009-06-01,2009-06-29,2.695,2.743,4.146,2.6094131469726562
2009-06-29,2009-07-06,2.666,2.695,4.165,2.7174782752990723
2009-06-29,2009-07-13,2.584,2.666,4.164,2.5170061588287354
2009-06-29,2009-07-20,2.519,2.584,4.118,2.5469746589660645
2009-06-29,2009-07-27,2.557,2.519,4.01,2.583592176437378
2009-07-27,2009-08-03,2.61,2.557,3.935,2.7099769115448
2009-07-27,2009-08-10,2.7,2.61,3.864,2.7081382274627686
2009-07-27,2009-08-17,2.691,2.7,3.794,2.672614336013794
2009-07-27,2009-08-24,2.682,2.691,3.738,2.6685409545898438
2009-08-24,2009-08-31,2.667,2.682,3.733,2.691178321838379
2009-08-24,2009-09-07,2.642,2.667,3.701,2.6925690174102783
2009-08-24,2009-09-14,2.632,2.642,3.887,2.6852378845214844
2009-08-24,2009-09-21,2.607,2.632,3.772,2.6942954063415527
2009-09-21,2009-09-28,2.554,2.607,3.687,2.6117618083953857
2009-09-21,2009-10-05,2.523,2.554,3.543,2.5997202396392822
2009-09-21,2009-10-12,2.543,2.523,3.213,2.646798849105835
2009-09-21,2009-10-19,2.626,2.543,2.974,2.7379324436187744
2009-10-19,2009-10-26,2.727,2.626,2.718,2.6662120819091797
2009-10-19,2009-11-02,2.746,2.727,2.462,2.7049107551574707
2009-10-19,2009-11-09,2.72,2.746,2.284,2.6949617862701416
2009-10-19,2009-11-16,2.684,2.72,2.132,2.662656784057617
2009-11-16,2009-11-23,2.694,2.684,1.952,2.655330181121826
2009-11-16,2009-11-30,2.684,2.694,1.87,2.6540908813476562
2009-11-16,2009-12-07,2.689,2.684,1.758,2.6572115421295166
2009-11-16,2009-12-14,2.655,2.689,1.716,2.6474013328552246
2009-12-14,2009-12-21,2.645,2.655,1.71,2.6346704959869385
2009-12-14,2009-12-28,2.662,2.645,1.67,2.6591451168060303
2009-12-14,2010-01-04,2.718,2.662,1.737,2.777543783187866
2009-12-14,2010-01-11,2.804,2.718,1.835,2.796478748321533
2010-01-11,2010-01-18,2.793,2.804,1.898,2.778472661972046
2010-01-11,2010-01-25,2.76,2.793,1.89,2.7227976322174072
2010-01-11,2010-02-01,2.717,2.76,1.944,2.724212169647217
2010-01-11,2010-02-08,2.707,2.717,1.978,2.7179102897644043
2010-02-08,2010-02-15,2.664,2.707,2.016,2.702023983001709
2010-02-08,2010-02-22,2.709,2.664,1.963,2.6867265701293945
2010-02-08,2010-03-01,2.756,2.709,1.988,2.7081425189971924
2010-02-08,2010-03-08,2.804,2.756,1.993,2.731184959411621
2010-03-08,2010-03-15,2.841,2.804,1.964,2.7985334396362305
2010-03-08,2010-03-22,2.87,2.841,2.014,2.7754783630371094
2010-03-08,2010-03-29,2.851,2.87,2.097,2.8003435134887695
2010-03-08,2010-04-05,2.877,2.851,2.09,2.8152995109558105
2010-04-05,2010-04-12,2.909,2.877,2.104,2.8644301891326904
2010-04-05,2010-04-19,2.911,2.909,2.112,2.86210298538208
2010-04-05,2010-04-26,2.901,2.911,2.102,2.8649978637695312
2010-04-05,2010-05-03,2.95,2.901,2.129,2.8688266277313232
2010-05-03,2010-05-10,2.958,2.95,2.29,2.9188859462738037
2010-05-03,2010-05-17,2.918,2.958,2.36,2.809441328048706
2010-05-03,2010-05-24,2.842,2.918,2.485,2.7461907863616943
2010-05-03,2010-05-31,2.784,2.842,2.572,2.7397823333740234
2010-05-31,2010-06-07,2.78,2.784,2.673,2.7781221866607666
2010-05-31,2010-06-14,2.756,2.78,2.722,2.7664341926574707
2010-05-31,2010-06-21,2.795,2.756,2.743,2.7873332500457764
2010-05-31,2010-06-28,2.809,2.795,2.695,2.7982993125915527
2010-06-28,2010-07-05,2.779,2.809,2.666,2.8085074424743652
2010-06-28,2010-07-12,2.771,2.779,2.584,2.750541925430298
2010-06-28,2010-07-19,2.775,2.771,2.519,2.7630510330200195
2010-06-28,2010-07-26,2.801,2.775,2.557,2.773306131362915
2010-07-26,2010-08-02,2.788,2.801,2.61,2.81191349029541
2010-07-26,2010-08-09,2.835,2.788,2.7,2.8083090782165527
2010-07-26,2010-08-16,2.798,2.835,2.691,2.8067541122436523
2010-07-26,2010-08-23,2.759,2.798,2.682,2.782850742340088
2010-08-23,2010-08-30,2.736,2.759,2.667,2.749018907546997
2010-08-23,2010-09-06,2.735,2.736,2.642,2.731671094894409
2010-08-23,2010-09-13,2.772,2.735,2.632,2.7284939289093018
2010-08-23,2010-09-20,2.775,2.772,2.607,2.7738630771636963
2010-09-20,2010-09-27,2.747,2.775,2.554,2.7653114795684814
2010-09-20,2010-10-04,2.784,2.747,2.523,2.77785062789917
2010-09-20,2010-10-11,2.871,2.784,2.543,2.818673849105835
2010-09-20,2010-10-18,2.887,2.871,2.626,2.8310091495513916
2010-10-18,2010-10-25,2.87,2.887,2.727,2.8734819889068604
2010-10-18,2010-11-01,2.861,2.87,2.746,2.8645882606506348
2010-10-18,2010-11-08,2.917,2.861,2.72,2.8834736347198486
2010-10-18,2010-11-15,2.944,2.917,2.684,2.899655818939209
2010-11-15,2010-11-22,2.931,2.944,2.694,2.9182305335998535
2010-11-15,2010-11-29,2.912,2.931,2.684,2.9210431575775146
2010-11-15,2010-12-06,3.013,2.912,2.689,2.9288580417633057
2010-11-15,2010-12-13,3.035,3.013,2.655,2.92435359954834
2010-12-13,2010-12-20,3.037,3.035,2.645,3.0314228534698486
2010-12-13,2010-12-27,3.106,3.037,2.662,3.0288939476013184
2010-12-13,2011-01-03,3.124,3.106,2.718,3.01888108253479
2010-12-13,2011-01-10,3.142,3.124,2.804,3.0242559909820557
2011-01-10,2011-01-17,3.158,3.142,2.793,3.137259006500244
2011-01-10,2011-01-24,3.163,3.158,2.76,3.058237075805664
2011-01-10,2011-01-31,3.155,3.163,2.717,3.133655309677124
2011-01-10,2011-02-07,3.185,3.155,2.707,3.057408094406128
2011-02-07,2011-02-14,3.193,3.185,2.664,3.1740410327911377
2011-02-07,2011-02-21,3.243,3.193,2.709,3.1504435539245605
2011-02-07,2011-02-28,3.435,3.243,2.756,3.1718521118164062
2011-02-07,2011-03-07,3.572,3.435,2.804,3.1588804721832275
2011-03-07,2011-03-14,3.621,3.572,2.841,3.4609484672546387
2011-03-07,2011-03-21,3.617,3.621,2.87,3.4609570503234863
2011-03-07,2011-03-28,3.65,3.617,2.851,3.4592692852020264
2011-03-07,2011-04-04,3.737,3.65,2.877,3.56048321723938
2011-04-04,2011-04-11,3.843,3.737,2.909,3.7357757091522217
2011-04-04,2011-04-18,3.896,3.843,2.911,3.691542625427246
2011-04-04,2011-04-25,3.932,3.896,2.901,3.735670328140259
2011-04-04,2011-05-02,4.014,3.932,2.95,3.735755443572998
2011-05-02,2011-05-09,4.018,4.014,2.958,3.6930623054504395
2011-05-02,2011-05-16,4.014,4.018,2.918,3.5537540912628174
2011-05-02,2011-05-23,3.904,4.014,2.842,3.5559074878692627
2011-05-02,2011-05-30,3.848,3.904,2.784,3.6932976245880127
2011-05-30,2011-06-06,3.833,3.848,2.78,3.8471531867980957
2011-05-30,2011-06-13,3.767,3.833,2.756,3.8465092182159424
2011-05-30,2011-06-20,3.708,3.767,2.795,3.6099860668182373
2011-05-30,2011-06-27,3.631,3.708,2.809,3.5336105823516846
2011-06-27,2011-07-04,3.634,3.631,2.779,3.6589369773864746
2011-06-27,2011-07-11,3.695,3.634,2.771,3.6648905277252197
2011-06-27,2011-07-18,3.736,3.695,2.775,3.663067102432251
2011-06-27,2011-07-25,3.754,3.736,2.801,3.6660802364349365
2011-07-25,2011-08-01,3.766,3.754,2.788,3.7421140670776367
2011-07-25,2011-08-08,3.73,3.766,2.835,3.664224147796631
2011-07-25,2011-08-15,3.662,3.73,2.798,3.615234613418579
2011-07-25,2011-08-22,3.638,3.662,2.759,3.6067399978637695
2011-08-22,2011-08-29,3.682,3.638,2.736,3.6372363567352295
2011-08-22,2011-09-05,3.727,3.682,2.735,3.639281749725342
2011-08-22,2011-09-12,3.715,3.727,2.772,3.6453359127044678
2011-08-22,2011-09-19,3.657,3.715,2.775,3.6449437141418457
2011-09-19,2011-09-26,3.568,3.657,2.747,3.651209592819214
2011-09-19,2011-10-03,3.492,3.568,2.784,3.620025873184204
2011-09-19,2011-10-10,3.476,3.492,2.871,3.6271276473999023
2011-09-19,2011-10-17,3.533,3.476,2.887,3.631040334701538
2011-10-17,2011-10-24,3.52,3.533,2.87,3.5301666259765625
2011-10-17,2011-10-31,3.511,3.52,2.861,3.5307159423828125
2011-10-17,2011-11-07,3.482,3.511,2.917,3.5505566596984863
2011-10-17,2011-11-14,3.495,3.482,2.944,3.5898404121398926
2011-11-14,2011-11-21,3.427,3.495,2.931,3.5153231620788574
2011-11-14,2011-11-28,3.368,3.427,2.912,3.503588914871216
2011-11-14,2011-12-05,3.35,3.368,3.013,3.5633678436279297
2011-11-14,2011-12-12,3.346,3.35,3.035,3.6238646507263184
2011-12-12,2011-12-19,3.29,3.346,3.037,3.396209716796875
2011-12-12,2011-12-26,3.317,3.29,3.106,3.395974636077881
2011-12-12,2012-01-02,3.358,3.317,3.124,3.5036964416503906
2011-12-12,2012-01-09,3.441,3.358,3.142,3.4969542026519775
2012-01-09,2012-01-16,3.451,3.441,3.158,3.4639534950256348
2012-01-09,2012-01-23,3.45,3.451,3.163,3.467806100845337
2012-01-09,2012-01-30,3.5,3.45,3.155,3.4643328189849854
2012-01-09,2012-02-06,3.542,3.5,3.185,3.463618755340576
2012-02-06,2012-02-13,3.584,3.542,3.193,3.512805461883545
2012-02-06,2012-02-20,3.652,3.584,3.243,3.5700833797454834
2012-02-06,2012-02-27,3.78,3.652,3.435,3.6157429218292236
2012-02-06,2012-03-05,3.849,3.78,3.572,3.6998279094696045
2012-03-05,2012-03-12,3.884,3.849,3.621,3.8566319942474365
2012-03-05,2012-03-19,3.923,3.884,3.617,3.872584104537964
2012-03-05,2012-03-26,3.973,3.923,3.65,3.882981538772583
2012-03-05,2012-04-02,3.996,3.973,3.737,3.8916537761688232
2012-04-02,2012-04-09,3.997,3.996,3.843,3.942941665649414
2012-04-02,2012-04-16,3.98,3.997,3.896,3.927851915359497
2012-04-02,2012-04-23,3.929,3.98,3.932,3.879734754562378
2012-04-02,2012-04-30,3.889,3.929,4.014,3.8790712356567383
2012-04-30,2012-05-07,3.849,3.889,4.018,3.838672161102295
2012-04-30,2012-05-14,3.814,3.849,4.014,3.7841439247131348
2012-04-30,2012-05-21,3.773,3.814,3.904,3.74491810798645
2012-04-30,2012-05-28,3.728,3.773,3.848,3.7055180072784424
2012-05-28,2012-06-04,3.671,3.728,3.833,3.6623685359954834
2012-05-28,2012-06-11,3.629,3.671,3.767,3.648036003112793
2012-05-28,2012-06-18,3.589,3.629,3.708,3.6367969512939453
2012-05-28,2012-06-25,3.494,3.589,3.631,3.6295928955078125
2012-06-25,2012-07-02,3.415,3.494,3.634,3.5332460403442383
2012-06-25,2012-07-09,3.469,3.415,3.695,3.458904504776001
2012-06-25,2012-07-16,3.485,3.469,3.736,3.536545515060425
2012-06-25,2012-07-23,3.554,3.485,3.754,3.5398647785186768
2012-07-23,2012-07-30,3.568,3.554,3.766,3.546537399291992
2012-07-23,2012-08-06,3.702,3.568,3.73,3.5241308212280273
2012-07-23,2012-08-13,3.779,3.702,3.662,3.644376754760742
2012-07-23,2012-08-20,3.803,3.779,3.638,3.6880855560302734
2012-08-20,2012-08-27,3.837,3.803,3.682,3.7752647399902344
2012-08-20,2012-09-03,3.903,3.837,3.727,3.780888080596924
2012-08-20,2012-09-10,3.907,3.903,3.715,3.802400588989258
2012-08-20,2012-09-17,3.939,3.907,3.657,3.801060676574707
2012-09-17,2012-09-24,3.889,3.939,3.568,3.9141831398010254
2012-09-17,2012-10-01,3.866,3.889,3.492,3.8432087898254395
2012-09-17,2012-10-08,3.914,3.866,3.476,3.821838855743408
2012-09-17,2012-10-15,3.886,3.914,3.533,3.8383076190948486
2012-10-15,2012-10-22,3.756,3.886,3.52,3.854480028152466
2012-10-15,2012-10-29,3.638,3.756,3.511,3.7372348308563232
2012-10-15,2012-11-05,3.563,3.638,3.482,3.6493940353393555
2012-10-15,2012-11-12,3.518,3.563,3.495,3.5838510990142822
2012-11-12,2012-11-19,3.497,3.518,3.427,3.5081725120544434
2012-11-12,2012-11-26,3.505,3.497,3.368,3.512241840362549
2012-11-12,2012-12-03,3.463,3.505,3.35,3.5233707427978516
2012-11-12,2012-12-10,3.419,3.463,3.346,3.4887828826904297
2012-12-10,2012-12-17,3.324,3.419,3.29,3.4199345111846924
2012-12-10,2012-12-24,3.328,3.324,3.317,3.351686477661133
2012-12-10,2012-12-31,3.369,3.328,3.358,3.366302728652954
2012-12-10,2013-01-07,3.373,3.369,3.441,3.4341437816619873
2013-01-07,2013-01-14,3.377,3.373,3.451,3.3690593242645264
2013-01-07,2013-01-21,3.386,3.377,3.45,3.368385076522827
2013-01-07,2013-01-28,3.427,3.386,3.5,3.3637382984161377
2013-01-07,2013-02-04,3.604,3.427,3.542,3.398824453353882
2013-02-04,2013-02-11,3.677,3.604,3.584,3.621633291244507
2013-02-04,2013-02-18,3.812,3.677,3.652,3.7170934677124023
2013-02-04,2013-02-25,3.851,3.812,3.78,3.8372273445129395
2013-02-04,2013-03-04,3.826,3.851,3.849,3.8925437927246094
2013-03-04,2013-03-11,3.779,3.826,3.884,3.8445892333984375
2013-03-04,2013-03-18,3.764,3.779,3.923,3.8640336990356445
2013-03-04,2013-03-25,3.746,3.764,3.973,3.8188695907592773
2013-03-04,2013-04-01,3.714,3.746,3.996,3.812936305999756
2013-04-01,2013-04-08,3.676,3.714,3.997,3.737795352935791
2013-04-01,2013-04-15,3.611,3.676,3.98,3.697275161743164
2013-04-01,2013-04-22,3.603,3.611,3.929,3.675882339477539
2013-04-01,2013-04-29,3.587,3.603,3.889,3.6395180225372314
2013-04-29,2013-05-06,3.602,3.587,3.849,3.6055965423583984
2013-04-29,2013-05-13,3.665,3.602,3.814,3.5989506244659424
2013-04-29,2013-05-20,3.729,3.665,3.773,3.682136058807373
2013-04-29,2013-05-27,3.704,3.729,3.728,3.727497100830078
2013-05-27,2013-06-03,3.705,3.704,3.671,3.706380605697632
2013-05-27,2013-06-10,3.715,3.705,3.629,3.7001523971557617
2013-05-27,2013-06-17,3.689,3.715,3.589,3.7037906646728516
2013-05-27,2013-06-24,3.645,3.689,3.494,3.709620714187622
2013-06-24,2013-07-01,3.567,3.645,3.415,3.661266326904297
2013-06-24,2013-07-08,3.563,3.567,3.469,3.6337783336639404
2013-06-24,2013-07-15,3.706,3.563,3.485,3.6255970001220703
2013-06-24,2013-07-22,3.751,3.706,3.554,3.7134346961975098
2013-07-22,2013-07-29,3.716,3.751,3.568,3.739999532699585
2013-07-22,2013-08-05,3.701,3.716,3.702,3.7390334606170654
2013-07-22,2013-08-12,3.633,3.701,3.779,3.7344460487365723
2013-07-22,2013-08-19,3.622,3.633,3.803,3.669466257095337
2013-08-19,2013-08-26,3.623,3.622,3.837,3.6370840072631836
2013-08-19,2013-09-02,3.678,3.623,3.903,3.6311933994293213
2013-08-19,2013-09-09,3.658,3.678,3.907,3.6979033946990967
2013-08-19,2013-09-16,3.619,3.658,3.939,3.691056489944458
2013-09-16,2013-09-23,3.567,3.619,3.889,3.647404909133911
2013-09-16,2013-09-30,3.499,3.567,3.866,3.642988920211792
2013-09-16,2013-10-07,3.441,3.499,3.914,3.6330726146698
2013-09-16,2013-10-14,3.43,3.441,3.886,3.604038715362549
2013-10-14,2013-10-21,3.435,3.43,3.756,3.4321935176849365
2013-10-14,2013-10-28,3.372,3.435,3.638,3.4370834827423096
2013-10-14,2013-11-04,3.343,3.372,3.563,3.401625871658325
2013-10-14,2013-11-11,3.274,3.343,3.518,3.3984932899475098
2013-11-11,2013-11-18,3.298,3.274,3.497,3.292393684387207
2013-11-11,2013-11-25,3.372,3.298,3.505,3.292628526687622
2013-11-11,2013-12-02,3.353,3.372,3.463,3.3418166637420654
2013-11-11,2013-12-09,3.35,3.353,3.419,3.357393980026245
2013-12-09,2013-12-16,3.321,3.35,3.324,3.3644840717315674
2013-12-09,2013-12-23,3.351,3.321,3.328,3.42256760597229
2013-12-09,2013-12-30,3.409,3.351,3.369,3.461091995239258
2013-12-09,2014-01-06,3.411,3.409,3.373,3.487729787826538
2014-01-06,2014-01-13,3.406,3.411,3.377,3.428212881088257
2014-01-06,2014-01-20,3.376,3.406,3.386,3.4350571632385254
2014-01-06,2014-01-27,3.375,3.376,3.427,3.4568378925323486
2014-01-06,2014-02-03,3.372,3.375,3.604,3.461261034011841
2014-02-03,2014-02-10,3.388,3.372,3.677,3.401165723800659
2014-02-03,2014-02-17,3.457,3.388,3.812,3.3971707820892334
2014-02-03,2014-02-24,3.52,3.457,3.851,3.4545576572418213
2014-02-03,2014-03-03,3.553,3.52,3.826,3.4974279403686523
2014-03-03,2014-03-10,3.584,3.553,3.779,3.5418593883514404
2014-03-03,2014-03-17,3.619,3.584,3.764,3.6244688034057617
2014-03-03,2014-03-24,3.622,3.619,3.746,3.635868787765503
2014-03-03,2014-03-31,3.651,3.622,3.714,3.6704585552215576
2014-03-31,2014-04-07,3.67,3.651,3.676,3.656280517578125
2014-03-31,2014-04-14,3.725,3.67,3.611,3.6636133193969727
2014-03-31,2014-04-21,3.758,3.725,3.603,3.7034332752227783
2014-03-31,2014-04-28,3.788,3.758,3.587,3.7000386714935303
2014-04-28,2014-05-05,3.761,3.788,3.602,3.7832791805267334
2014-04-28,2014-05-12,3.746,3.761,3.665,3.7571914196014404
2014-04-28,2014-05-19,3.743,3.746,3.729,3.698460817337036
2014-04-28,2014-05-26,3.75,3.743,3.704,3.69323468208313
2014-05-26,2014-06-02,3.765,3.75,3.705,3.7243125438690186
2014-05-26,2014-06-09,3.749,3.765,3.715,3.7190639972686768
2014-05-26,2014-06-16,3.76,3.749,3.689,3.6888668537139893
2014-05-26,2014-06-23,3.778,3.76,3.645,3.709519147872925
2014-06-23,2014-06-30,3.778,3.778,3.567,3.7623136043548584
2014-06-23,2014-07-07,3.753,3.778,3.563,3.7413716316223145
2014-06-23,2014-07-14,3.712,3.753,3.706,3.7188286781311035
2014-06-23,2014-07-21,3.671,3.712,3.751,3.698873281478882
2014-07-21,2014-07-28,3.617,3.671,3.716,3.651001453399658
2014-07-21,2014-08-04,3.595,3.617,3.701,3.6098711490631104
2014-07-21,2014-08-11,3.582,3.595,3.633,3.6109769344329834
2014-07-21,2014-08-18,3.549,3.582,3.622,3.633517026901245
2014-08-18,2014-08-25,3.532,3.549,3.623,3.5237278938293457
2014-08-18,2014-09-01,3.536,3.532,3.678,3.515758752822876
2014-08-18,2014-09-08,3.534,3.536,3.658,3.516038417816162
2014-08-18,2014-09-15,3.485,3.534,3.619,3.5100834369659424
2014-09-15,2014-09-22,3.432,3.485,3.567,3.4679431915283203
2014-09-15,2014-09-29,3.434,3.432,3.499,3.450469732284546
2014-09-15,2014-10-06,3.382,3.434,3.441,3.4523932933807373
2014-09-15,2014-10-13,3.292,3.382,3.43,3.3978447914123535
2014-10-13,2014-10-20,3.205,3.292,3.435,3.303368330001831
2014-10-13,2014-10-27,3.139,3.205,3.372,3.319175958633423
2014-10-13,2014-11-03,3.077,3.139,3.343,3.346602201461792
2014-10-13,2014-11-10,3.025,3.077,3.274,3.3575260639190674
2014-11-10,2014-11-17,2.978,3.025,3.298,3.059385061264038
2014-11-10,2014-11-24,2.907,2.978,3.372,3.0612382888793945
2014-11-10,2014-12-01,2.864,2.907,3.353,3.062255620956421
2014-11-10,2014-12-08,2.767,2.864,3.35,3.0458719730377197
2014-12-08,2014-12-15,2.643,2.767,3.321,2.7692055702209473
2014-12-08,2014-12-22,2.496,2.643,3.351,2.768777847290039
2014-12-08,2014-12-29,2.392,2.496,3.409,2.819035768508911
2014-12-08,2015-01-05,2.308,2.392,3.411,2.849705219268799
2015-01-05,2015-01-12,2.232,2.308,3.406,2.3326685428619385
2015-01-05,2015-01-19,2.157,2.232,3.376,2.332399845123291
2015-01-05,2015-01-26,2.133,2.157,3.375,2.332555055618286
2015-01-05,2015-02-02,2.154,2.133,3.372,2.3415658473968506
2015-02-02,2015-02-09,2.276,2.154,3.388,2.244196653366089
2015-02-02,2015-02-16,2.358,2.276,3.457,2.244816303253174
2015-02-02,2015-02-23,2.415,2.358,3.52,2.1830508708953857
2015-02-02,2015-03-02,2.556,2.415,3.553,2.1976747512817383
2015-03-02,2015-03-09,2.57,2.556,3.584,2.5558810234069824
2015-03-02,2015-03-16,2.537,2.57,3.619,2.522416830062866
2015-03-02,2015-03-23,2.538,2.537,3.622,2.517066478729248
2015-03-02,2015-03-30,2.531,2.538,3.651,2.51757550239563
2015-03-30,2015-04-06,2.499,2.531,3.67,2.5413918495178223
2015-03-30,2015-04-13,2.494,2.499,3.725,2.5425779819488525
2015-03-30,2015-04-20,2.57,2.494,3.758,2.6501011848449707
2015-03-30,2015-04-27,2.656,2.57,3.788,2.572540044784546
2015-04-27,2015-05-04,2.749,2.656,3.761,2.632877826690674
2015-04-27,2015-05-11,2.776,2.749,3.746,2.6541428565979004
2015-04-27,2015-05-18,2.827,2.776,3.743,2.6592447757720947
2015-04-27,2015-05-25,2.857,2.827,3.75,2.6592934131622314
2015-05-25,2015-06-01,2.863,2.857,3.765,2.851759910583496
2015-05-25,2015-06-08,2.863,2.863,3.749,2.807769298553467
2015-05-25,2015-06-15,2.918,2.863,3.76,2.8488657474517822
2015-05-25,2015-06-22,2.895,2.918,3.778,2.8389182090759277
2015-06-22,2015-06-29,2.885,2.895,3.778,2.8811020851135254
2015-06-22,2015-07-06,2.877,2.885,3.753,2.7506256103515625
2015-06-22,2015-07-13,2.92,2.877,3.712,2.735351800918579
2015-06-22,2015-07-20,2.888,2.92,3.671,2.74094295501709
2015-07-20,2015-07-27,2.833,2.888,3.617,2.8865737915039062
2015-07-20,2015-08-03,2.779,2.833,3.595,2.8593924045562744
2015-07-20,2015-08-10,2.72,2.779,3.582,2.845935583114624
2015-07-20,2015-08-17,2.803,2.72,3.549,2.8034768104553223
2015-08-17,2015-08-24,2.726,2.803,3.532,2.8055593967437744
2015-08-17,2015-08-31,2.602,2.726,3.536,2.758441686630249
2015-08-17,2015-09-07,2.532,2.602,3.534,2.7160184383392334
2015-08-17,2015-09-14,2.471,2.532,3.485,2.710256338119507
2015-09-14,2015-09-21,2.425,2.471,3.432,2.4853460788726807
2015-09-14,2015-09-28,2.418,2.425,3.434,2.5135371685028076
2015-09-14,2015-10-05,2.415,2.418,3.382,2.503345489501953
2015-09-14,2015-10-12,2.432,2.415,3.292,2.5016896724700928
2015-10-12,2015-10-19,2.374,2.432,3.205,2.4582674503326416
2015-10-12,2015-10-26,2.326,2.374,3.139,2.5025928020477295
2015-10-12,2015-11-02,2.322,2.326,3.077,2.4697413444519043
2015-10-12,2015-11-09,2.335,2.322,3.025,2.5051090717315674
2015-11-09,2015-11-16,2.281,2.335,2.978,2.3548202514648438
2015-11-09,2015-11-23,2.198,2.281,2.907,2.357384204864502
2015-11-09,2015-11-30,2.165,2.198,2.864,2.333366632461548
2015-11-09,2015-12-07,2.159,2.165,2.767,2.3452956676483154
2015-12-07,2015-12-14,2.144,2.159,2.643,2.1685667037963867
2015-12-07,2015-12-21,2.133,2.144,2.496,2.2189009189605713
2015-12-07,2015-12-28,2.141,2.133,2.392,2.217144250869751
2015-12-07,2016-01-04,2.135,2.141,2.308,2.2135143280029297
2016-01-04,2016-01-11,2.104,2.135,2.232,2.1757972240448
2016-01-04,2016-01-18,2.022,2.104,2.157,2.1815953254699707
2016-01-04,2016-01-25,1.965,2.022,2.133,2.191915512084961
2016-01-04,2016-02-01,1.932,1.965,2.154,2.200671434402466
2016-02-01,2016-02-08,1.87,1.932,2.276,1.9605045318603516
2016-02-01,2016-02-15,1.834,1.87,2.358,1.9859201908111572
2016-02-01,2016-02-22,1.837,1.834,2.415,1.9982802867889404
2016-02-01,2016-02-29,1.887,1.837,2.556,2.0001564025878906
2016-02-29,2016-03-07,1.943,1.887,2.57,1.934172511100769
2016-02-29,2016-03-14,2.062,1.943,2.537,1.9223337173461914
2016-02-29,2016-03-21,2.109,2.062,2.538,1.957965612411499
2016-02-29,2016-03-28,2.169,2.109,2.531,1.987313151359558
2016-03-28,2016-04-04,2.185,2.169,2.499,2.161068916320801
2016-03-28,2016-04-11,2.173,2.185,2.494,2.1111059188842773
2016-03-28,2016-04-18,2.24,2.173,2.57,2.1801419258117676
2016-03-28,2016-04-25,2.265,2.24,2.656,2.1899354457855225
2016-04-25,2016-05-02,2.342,2.265,2.749,2.2772216796875
2016-04-25,2016-05-09,2.325,2.342,2.776,2.33622407913208
2016-04-25,2016-05-16,2.345,2.325,2.827,2.3391454219818115
2016-04-25,2016-05-23,2.403,2.345,2.857,2.3505311012268066
2016-05-23,2016-05-30,2.44,2.403,2.863,2.3987436294555664
2016-05-23,2016-06-06,2.482,2.44,2.863,2.4204609394073486
2016-05-23,2016-06-13,2.499,2.482,2.918,2.415921449661255
2016-05-23,2016-06-20,2.455,2.499,2.895,2.428664445877075
2016-06-20,2016-06-27,2.432,2.455,2.885,2.4702465534210205
2016-06-20,2016-07-04,2.396,2.432,2.877,2.461646318435669
2016-06-20,2016-07-11,2.359,2.396,2.92,2.4156675338745117
2016-06-20,2016-07-18,2.336,2.359,2.888,2.406456708908081
2016-07-18,2016-07-25,2.289,2.336,2.833,2.330634355545044
2016-07-18,2016-08-01,2.267,2.289,2.779,2.288886785507202
2016-07-18,2016-08-08,2.256,2.267,2.72,2.291727066040039
2016-07-18,2016-08-15,2.256,2.256,2.803,2.286168098449707
2016-08-15,2016-08-22,2.299,2.256,2.726,2.2646408081054688
2016-08-15,2016-08-29,2.341,2.299,2.602,2.2822265625
2016-08-15,2016-09-05,2.329,2.341,2.532,2.3213348388671875
2016-08-15,2016-09-12,2.31,2.329,2.471,2.324824571609497
2016-09-12,2016-09-19,2.333,2.31,2.425,2.315295457839966
2016-09-12,2016-09-26,2.334,2.333,2.418,2.3163301944732666
2016-09-12,2016-10-03,2.354,2.334,2.415,2.3299813270568848
2016-09-12,2016-10-10,2.381,2.354,2.432,2.3584744930267334
2016-10-10,2016-10-17,2.367,2.381,2.374,2.380390167236328
2016-10-10,2016-10-24,2.353,2.367,2.326,2.3779373168945312
2016-10-10,2016-10-31,2.341,2.353,2.322,2.3615260124206543
2016-10-10,2016-11-07,2.345,2.341,2.335,2.346029758453369
2016-11-07,2016-11-14,2.298,2.345,2.281,2.3394646644592285
2016-11-07,2016-11-21,2.269,2.298,2.198,2.338592052459717
2016-11-07,2016-11-28,2.268,2.269,2.165,2.3154382705688477
2016-11-07,2016-12-05,2.321,2.268,2.159,2.334890842437744
2016-12-05,2016-12-12,2.347,2.321,2.144,2.3511710166931152
2016-12-05,2016-12-19,2.375,2.347,2.133,2.3506603240966797
2016-12-05,2016-12-26,2.419,2.375,2.141,2.3505048751831055
2016-12-05,2017-01-02,2.485,2.419,2.135,2.3992092609405518
2017-01-02,2017-01-09,2.496,2.485,2.104,2.4929487705230713
2017-01-02,2017-01-16,2.467,2.496,2.022,2.4957239627838135
2017-01-02,2017-01-23,2.436,2.467,1.965,2.4821879863739014
2017-01-02,2017-01-30,2.408,2.436,1.932,2.4719996452331543
2017-01-30,2017-02-06,2.405,2.408,1.87,2.4316675662994385
2017-01-30,2017-02-13,2.418,2.405,1.834,2.4132962226867676
2017-01-30,2017-02-20,2.414,2.418,1.837,2.422523021697998
2017-01-30,2017-02-27,2.427,2.414,1.887,2.42854905128479
2017-02-27,2017-03-06,2.452,2.427,1.943,2.4324026107788086
2017-02-27,2017-03-13,2.434,2.452,2.062,2.4420342445373535
2017-02-27,2017-03-20,2.433,2.434,2.109,2.4160377979278564
2017-02-27,2017-03-27,2.428,2.433,2.169,2.4147889614105225
2017-03-27,2017-04-03,2.471,2.428,2.185,2.4227538108825684
2017-03-27,2017-04-10,2.534,2.471,2.173,2.43172025680542
2017-03-27,2017-04-17,2.546,2.534,2.24,2.4773478507995605
2017-03-27,2017-04-24,2.559,2.546,2.265,2.479224920272827
2017-04-24,2017-05-01,2.522,2.559,2.342,2.545258045196533
2017-04-24,2017-05-08,2.484,2.522,2.325,2.5000522136688232
2017-04-24,2017-05-15,2.481,2.484,2.345,2.4762864112854004
2017-04-24,2017-05-22,2.51,2.481,2.403,2.473712921142578
2017-05-22,2017-05-29,2.516,2.51,2.44,2.506376266479492
2017-05-22,2017-06-05,2.525,2.516,2.482,2.4857306480407715
2017-05-22,2017-06-12,2.479,2.525,2.499,2.476269483566284
2017-05-22,2017-06-19,2.433,2.479,2.455,2.462120294570923
2017-06-19,2017-06-26,2.404,2.433,2.432,2.436000108718872
2017-06-19,2017-07-03,2.376,2.404,2.396,2.4308788776397705
2017-06-19,2017-07-10,2.411,2.376,2.359,2.382058620452881
2017-06-19,2017-07-17,2.392,2.411,2.336,2.4062976837158203
2017-07-17,2017-07-24,2.426,2.392,2.289,2.3936381340026855
2017-07-17,2017-07-31,2.467,2.426,2.267,2.4165427684783936
2017-07-17,2017-08-07,2.492,2.467,2.256,2.4428939819335938
2017-07-17,2017-08-14,2.497,2.492,2.256,2.459723472595215
2017-08-14,2017-08-21,2.474,2.497,2.299,2.484961986541748
2017-08-14,2017-08-28,2.513,2.474,2.341,2.4458417892456055
2017-08-14,2017-09-04,2.794,2.513,2.329,2.46506929397583
2017-08-14,2017-09-11,2.8,2.794,2.31,2.5132646560668945
2017-09-11,2017-09-18,2.75,2.8,2.333,2.794884443283081
2017-09-11,2017-09-25,2.701,2.75,2.334,2.7805373668670654
2017-09-11,2017-10-02,2.682,2.701,2.354,2.770805835723877
2017-09-11,2017-10-09,2.622,2.682,2.381,2.776960611343384
2017-10-09,2017-10-16,2.605,2.622,2.367,2.6293833255767822
2017-10-09,2017-10-23,2.594,2.605,2.353,2.627985715866089
2017-10-09,2017-10-30,2.602,2.594,2.341,2.626875877380371
2017-10-09,2017-11-06,2.673,2.602,2.345,2.6270596981048584
2017-11-06,2017-11-13,2.706,2.673,2.298,2.6680519580841064
2017-11-06,2017-11-20,2.683,2.706,2.269,2.6462771892547607
2017-11-06,2017-11-27,2.648,2.683,2.268,2.6418840885162354
2017-11-06,2017-12-04,2.617,2.648,2.321,2.628727674484253
2017-12-04,2017-12-11,2.601,2.617,2.347,2.656886100769043
2017-12-04,2017-12-18,2.568,2.601,2.375,2.657968759536743
2017-12-04,2017-12-25,2.589,2.568,2.419,2.669585704803467
2017-12-04,2018-01-01,2.637,2.589,2.485,2.680342435836792
2018-01-01,2018-01-08,2.639,2.637,2.496,2.632410764694214
2018-01-01,2018-01-15,2.673,2.639,2.467,2.616699457168579
2018-01-01,2018-01-22,2.684,2.673,2.436,2.6225264072418213
2018-01-01,2018-01-29,2.723,2.684,2.408,2.6292502880096436
2018-01-29,2018-02-05,2.753,2.723,2.405,2.6964645385742188
2018-01-29,2018-02-12,2.724,2.753,2.418,2.665332555770874
2018-01-29,2018-02-19,2.676,2.724,2.414,2.679335832595825
2018-01-29,2018-02-26,2.666,2.676,2.427,2.669909715652466
2018-02-26,2018-03-05,2.679,2.666,2.452,2.6382668018341064
2018-02-26,2018-03-12,2.677,2.679,2.434,2.6436972618103027
2018-02-26,2018-03-19,2.716,2.677,2.433,2.653345823287964
2018-02-26,2018-03-26,2.764,2.716,2.428,2.6562070846557617
2018-03-26,2018-04-02,2.817,2.764,2.471,2.6994991302490234
2018-03-26,2018-04-09,2.811,2.817,2.534,2.6987030506134033
2018-03-26,2018-04-16,2.863,2.811,2.546,2.673886775970459
2018-03-26,2018-04-23,2.914,2.863,2.559,2.676398277282715
2018-04-23,2018-04-30,2.961,2.914,2.522,2.872915029525757
2018-04-23,2018-05-07,2.96,2.961,2.484,2.86617112159729
2018-04-23,2018-05-14,2.949,2.96,2.481,2.837066411972046
2018-04-23,2018-05-21,2.999,2.949,2.51,2.832512140274048
2018-05-21,2018-05-28,3.039,2.999,2.516,2.922692060470581
2018-05-21,2018-06-04,3.018,3.039,2.525,2.8145761489868164
2018-05-21,2018-06-11,2.989,3.018,2.479,2.800480365753174
2018-05-21,2018-06-18,2.958,2.989,2.433,2.8211159706115723
2018-06-18,2018-06-25,2.913,2.958,2.404,2.961383819580078
2018-06-18,2018-07-02,2.924,2.913,2.376,2.9540579319000244
2018-06-18,2018-07-09,2.937,2.924,2.411,2.9758293628692627
2018-06-18,2018-07-16,2.943,2.937,2.392,3.0177571773529053
2018-07-16,2018-07-23,2.911,2.943,2.426,2.9497268199920654
2018-07-16,2018-07-30,2.924,2.911,2.467,2.936098575592041
2018-07-16,2018-08-06,2.93,2.924,2.492,2.949430465698242
2018-07-16,2018-08-13,2.921,2.93,2.497,2.9463720321655273
2018-08-13,2018-08-20,2.9,2.921,2.474,2.9261019229888916
2018-08-13,2018-08-27,2.906,2.9,2.513,2.928037166595459
2018-08-13,2018-09-03,2.903,2.906,2.794,2.926168918609619
2018-08-13,2018-09-10,2.912,2.903,2.8,2.9270102977752686
2018-09-10,2018-09-17,2.921,2.912,2.75,2.9073469638824463
2018-09-10,2018-09-24,2.923,2.921,2.701,2.9114606380462646
2018-09-10,2018-10-01,2.947,2.923,2.682,2.9163386821746826
2018-09-10,2018-10-08,2.984,2.947,2.622,2.923474073410034
2018-10-08,2018-10-15,2.961,2.984,2.605,2.978505849838257
2018-10-08,2018-10-22,2.925,2.961,2.594,2.9685213565826416
2018-10-08,2018-10-29,2.896,2.925,2.602,2.9522130489349365
2018-10-08,2018-11-05,2.84,2.896,2.673,2.903700590133667
2018-11-05,2018-11-12,2.773,2.84,2.706,2.8585758209228516
2018-11-05,2018-11-19,2.7,2.773,2.683,2.856518030166626
2018-11-05,2018-11-26,2.63,2.7,2.648,2.780784845352173
2018-11-05,2018-12-03,2.544,2.63,2.617,2.724592447280884
2018-12-03,2018-12-10,2.511,2.544,2.601,2.5632247924804688
2018-12-03,2018-12-17,2.46,2.511,2.568,2.576801300048828
2018-12-03,2018-12-24,2.413,2.46,2.589,2.6032941341400146
2018-12-03,2018-12-31,2.358,2.413,2.637,2.61853289604187
2018-12-31,2019-01-07,2.329,2.358,2.639,2.3983829021453857
2018-12-31,2019-01-14,2.338,2.329,2.673,2.4105567932128906
2018-12-31,2019-01-21,2.34,2.338,2.684,2.419180393218994
2018-12-31,2019-01-28,2.343,2.34,2.723,2.4217147827148438
2019-01-28,2019-02-04,2.341,2.343,2.753,2.3860886096954346
2019-01-28,2019-02-11,2.361,2.341,2.724,2.397662878036499
2019-01-28,2019-02-18,2.4,2.361,2.676,2.397142171859741
2019-01-28,2019-02-25,2.471,2.4,2.666,2.40169358253479
2019-02-25,2019-03-04,2.502,2.471,2.679,2.504115581512451
2019-02-25,2019-03-11,2.549,2.502,2.677,2.510530710220337
2019-02-25,2019-03-18,2.625,2.549,2.716,2.6316986083984375
2019-02-25,2019-03-25,2.701,2.625,2.764,2.648261785507202
2019-03-25,2019-04-01,2.77,2.701,2.817,2.681004524230957
2019-03-25,2019-04-08,2.826,2.77,2.811,2.777402400970459
2019-03-25,2019-04-15,2.912,2.826,2.863,2.8094286918640137
2019-03-25,2019-04-22,2.926,2.912,2.914,2.8951663970947266
2019-04-22,2019-04-29,2.972,2.926,2.961,2.9014766216278076
2019-04-22,2019-05-06,2.983,2.972,2.96,2.8669328689575195
2019-04-22,2019-05-13,2.954,2.983,2.949,2.8573954105377197
2019-04-22,2019-05-20,2.939,2.954,2.999,2.8715972900390625
2019-05-20,2019-05-27,2.909,2.939,3.039,2.912184476852417
2019-05-20,2019-06-03,2.893,2.909,3.018,2.826451063156128
2019-05-20,2019-06-10,2.821,2.893,2.989,2.8022093772888184
2019-05-20,2019-06-17,2.759,2.821,2.958,2.743241310119629
2019-06-17,2019-06-24,2.741,2.759,2.913,2.718108892440796
2019-06-17,2019-07-01,2.798,2.741,2.924,2.699605703353882
2019-06-17,2019-07-08,2.827,2.798,2.937,2.741285562515259
2019-06-17,2019-07-15,2.86,2.827,2.943,2.75201678276062
2019-07-15,2019-07-22,2.833,2.86,2.911,2.8285186290740967
2019-07-15,2019-07-29,2.798,2.833,2.924,2.8339829444885254
2019-07-15,2019-08-05,2.772,2.798,2.93,2.7992188930511475
2019-07-15,2019-08-12,2.71,2.772,2.921,2.7882556915283203
2019-08-12,2019-08-19,2.684,2.71,2.9,2.6945552825927734
2019-08-12,2019-08-26,2.661,2.684,2.906,2.64207124710083
2019-08-12,2019-09-02,2.651,2.661,2.903,2.6154112815856934
2019-08-12,2019-09-09,2.638,2.651,2.912,2.628734588623047
2019-09-09,2019-09-16,2.64,2.638,2.921,2.6663358211517334
2019-09-09,2019-09-23,2.741,2.64,2.923,2.633021116256714
2019-09-09,2019-09-30,2.737,2.741,2.947,2.728679656982422
2019-09-09,2019-10-07,2.742,2.737,2.984,2.6441497802734375
2019-10-07,2019-10-14,2.727,2.742,2.961,2.722716808319092
2019-10-07,2019-10-21,2.735,2.727,2.925,2.703646421432495
2019-10-07,2019-10-28,2.692,2.735,2.896,2.6954283714294434
2019-10-07,2019-11-04,2.702,2.692,2.84,2.6550118923187256
2019-11-04,2019-11-11,2.711,2.702,2.773,2.6932103633880615
2019-11-04,2019-11-18,2.688,2.711,2.7,2.690570116043091
2019-11-04,2019-11-25,2.672,2.688,2.63,2.680407762527466
2019-11-04,2019-12-02,2.667,2.672,2.544,2.6736183166503906
2019-12-02,2019-12-09,2.652,2.667,2.511,2.676758050918579
2019-12-02,2019-12-16,2.627,2.652,2.46,2.6841158866882324
2019-12-02,2019-12-23,2.621,2.627,2.413,2.665303945541382
2019-12-02,2019-12-30,2.658,2.621,2.358,2.6555182933807373
2019-12-30,2020-01-06,2.665,2.658,2.329,2.6761891841888428
2019-12-30,2020-01-13,2.657,2.665,2.338,2.693774938583374
2019-12-30,2020-01-20,2.625,2.657,2.34,2.661287307739258
2019-12-30,2020-01-27,2.595,2.625,2.343,2.652165651321411
2020-01-27,2020-02-03,2.546,2.595,2.341,2.595071792602539
2020-01-27,2020-02-10,2.511,2.546,2.361,2.5485212802886963
2020-01-27,2020-02-17,2.518,2.511,2.4,2.516756057739258
2020-01-27,2020-02-24,2.555,2.518,2.471,2.5267059803009033
2020-02-24,2020-03-02,2.514,2.555,2.502,2.589878797531128
2020-02-24,2020-03-09,2.468,2.514,2.549,2.542553663253784
2020-02-24,2020-03-16,2.343,2.468,2.625,2.5117416381835938
2020-02-24,2020-03-23,2.217,2.343,2.701,2.455008029937744
2020-03-23,2020-03-30,2.103,2.217,2.77,2.2368361949920654
2020-03-23,2020-04-06,2.022,2.103,2.826,2.2408506870269775
2020-03-23,2020-04-13,1.951,2.022,2.912,2.2442946434020996
2020-03-23,2020-04-20,1.91,1.951,2.926,2.2502975463867188
2020-04-20,2020-04-27,1.87,1.91,2.972,1.919018030166626
2020-04-20,2020-05-04,1.883,1.87,2.983,1.9556183815002441
2020-04-20,2020-05-11,1.941,1.883,2.954,1.9986400604248047
2020-04-20,2020-05-18,1.969,1.941,2.939,2.088595151901245
2020-05-18,2020-05-25,2.049,1.969,2.909,1.9814168214797974
2020-05-18,2020-06-01,2.064,2.049,2.893,1.9856032133102417
2020-05-18,2020-06-08,2.123,2.064,2.821,1.986885666847229
2020-05-18,2020-06-15,2.185,2.123,2.759,2.0087850093841553
2020-06-15,2020-06-22,2.216,2.185,2.741,2.2167561054229736
2020-06-15,2020-06-29,2.26,2.216,2.798,2.1773340702056885
2020-06-15,2020-07-06,2.265,2.26,2.827,2.1691324710845947
2020-06-15,2020-07-13,2.283,2.265,2.86,2.1689484119415283
2020-07-13,2020-07-20,2.275,2.283,2.833,2.2845816612243652
2020-07-13,2020-07-27,2.265,2.275,2.798,2.2962334156036377
2020-07-13,2020-08-03,2.266,2.265,2.772,2.296036958694458
2020-07-13,2020-08-10,2.256,2.266,2.71,2.2964186668395996
2020-08-10,2020-08-17,2.256,2.256,2.684,2.2719619274139404
2020-08-10,2020-08-24,2.272,2.256,2.661,2.2728028297424316
2020-08-10,2020-08-31,2.311,2.272,2.651,2.2771565914154053
2020-08-10,2020-09-07,2.302,2.311,2.638,2.2797200679779053
2020-09-07,2020-09-14,2.274,2.302,2.64,2.278168201446533
2020-09-07,2020-09-21,2.259,2.274,2.741,2.2455432415008545
2020-09-07,2020-09-28,2.259,2.259,2.737,2.2462854385375977
2020-09-07,2020-10-05,2.262,2.259,2.742,2.2604455947875977
2020-10-05,2020-10-12,2.257,2.262,2.727,2.2621350288391113
2020-10-05,2020-10-19,2.24,2.257,2.735,2.261181354522705
2020-10-05,2020-10-26,2.234,2.24,2.692,2.259505271911621
2020-10-05,2020-11-02,2.204,2.234,2.702,2.2518608570098877
2020-11-02,2020-11-09,2.188,2.204,2.711,2.2124404907226562
2020-11-02,2020-11-16,2.202,2.188,2.688,2.222578287124634
2020-11-02,2020-11-23,2.194,2.202,2.672,2.2268245220184326
2020-11-02,2020-11-30,2.211,2.194,2.667,2.2521157264709473
2020-11-30,2020-12-07,2.246,2.211,2.652,2.263885736465454
2020-11-30,2020-12-14,2.247,2.246,2.627,2.3000974655151367
2020-11-30,2020-12-21,2.311,2.247,2.621,2.300142526626587
2020-11-30,2020-12-28,2.33,2.311,2.658,2.31087327003479
2020-12-28,2021-01-04,2.336,2.33,2.665,2.3233752250671387
2020-12-28,2021-01-11,2.403,2.336,2.657,2.3350396156311035
2020-12-28,2021-01-18,2.464,2.403,2.625,2.371614933013916
2020-12-28,2021-01-25,2.478,2.464,2.595,2.398094892501831
2021-01-25,2021-02-01,2.495,2.478,2.546,2.5348947048187256
2021-01-25,2021-02-08,2.548,2.495,2.511,2.5450687408447266
2021-01-25,2021-02-15,2.588,2.548,2.518,2.5951476097106934
2021-01-25,2021-02-22,2.717,2.588,2.555,2.618133306503296
2021-02-22,2021-03-01,2.796,2.717,2.514,2.780060291290283
2021-02-22,2021-03-08,2.857,2.796,2.468,2.800670862197876
2021-02-22,2021-03-15,2.94,2.857,2.343,2.87136173248291
2021-02-22,2021-03-22,2.954,2.94,2.217,2.8980791568756104
2021-03-22,2021-03-29,2.941,2.954,2.103,2.958380937576294
2021-03-22,2021-04-05,2.945,2.941,2.022,2.9525887966156006
2021-03-22,2021-04-12,2.939,2.945,1.951,2.9430088996887207
2021-03-22,2021-04-19,2.945,2.939,1.91,2.924339771270752
2021-04-19,2021-04-26,2.962,2.945,1.87,2.918549060821533
2021-04-19,2021-05-03,2.981,2.962,1.883,2.9060966968536377
2021-04-19,2021-05-10,3.051,2.981,1.941,2.862480401992798
2021-04-19,2021-05-17,3.118,3.051,1.969,2.847276210784912
2021-05-17,2021-05-24,3.112,3.118,2.049,3.03583025932312
2021-05-17,2021-05-31,3.119,3.112,2.064,3.0517654418945312
2021-05-17,2021-06-07,3.128,3.119,2.123,3.047687292098999
2021-05-17,2021-06-14,3.161,3.128,2.185,3.0512516498565674
2021-06-14,2021-06-21,3.153,3.161,2.216,3.1520631313323975
2021-06-14,2021-06-28,3.185,3.153,2.26,3.152118682861328
2021-06-14,2021-07-05,3.216,3.185,2.265,3.1522817611694336
2021-06-14,2021-07-12,3.227,3.216,2.283,3.146641254425049
2021-07-12,2021-07-19,3.247,3.227,2.275,3.1712870597839355
2021-07-12,2021-07-26,3.232,3.247,2.265,3.195218086242676
2021-07-12,2021-08-02,3.256,3.232,2.266,3.1930882930755615
2021-07-12,2021-08-09,3.269,3.256,2.256,3.159703254699707
2021-08-09,2021-08-16,3.272,3.269,2.256,3.25553035736084
2021-08-09,2021-08-23,3.243,3.272,2.272,3.17586350440979
2021-08-09,2021-08-30,3.237,3.243,2.311,3.237973213195801
2021-08-09,2021-09-06,3.273,3.237,2.302,3.2379751205444336
2021-09-06,2021-09-13,3.262,3.273,2.274,3.271864652633667
2021-09-06,2021-09-20,3.28,3.262,2.259,3.2689566612243652
2021-09-06,2021-09-27,3.271,3.28,2.259,3.248178720474243
2021-09-06,2021-10-04,3.285,3.271,2.262,3.242638111114502
2021-10-04,2021-10-11,3.36,3.285,2.257,3.279014825820923
2021-10-04,2021-10-18,3.416,3.36,2.24,3.2729361057281494
2021-10-04,2021-10-25,3.476,3.416,2.234,3.272613286972046
2021-10-04,2021-11-01,3.484,3.476,2.204,3.271267890930176
2021-11-01,2021-11-08,3.505,3.484,2.188,3.39298415184021
2021-11-01,2021-11-15,3.495,3.505,2.202,3.3923583030700684
2021-11-01,2021-11-22,3.493,3.495,2.194,3.3135499954223633
2021-11-01,2021-11-29,3.478,3.493,2.211,3.3128559589385986
2021-11-29,2021-12-06,3.44,3.478,2.246,3.4780032634735107
2021-11-29,2021-12-13,3.414,3.44,2.247,3.47827410697937
2021-11-29,2021-12-20,3.395,3.414,2.311,3.4739294052124023
2021-11-29,2021-12-27,3.375,3.395,2.33,3.47470760345459
2021-12-27,2022-01-03,3.381,3.375,2.336,3.0019819736480713
2021-12-27,2022-01-10,3.394,3.381,2.403,3.0014724731445312
2021-12-27,2022-01-17,3.404,3.394,2.464,3.014584541320801
2021-12-27,2022-01-24,3.421,3.404,2.478,3.0493743419647217
2022-01-24,2022-01-31,3.464,3.421,2.495,3.4643776416778564
2022-01-24,2022-02-07,3.538,3.464,2.548,3.4856739044189453
2022-01-24,2022-02-14,3.581,3.538,2.588,3.4942808151245117
2022-01-24,2022-02-21,3.624,3.581,2.717,3.4931578636169434
2022-02-21,2022-02-28,3.701,3.624,2.796,3.6158652305603027
2022-02-21,2022-03-07,4.196,3.701,2.857,3.6154086589813232
2022-02-21,2022-03-14,4.414,4.196,2.94,3.6150734424591064
2022-02-21,2022-03-21,4.343,4.414,2.954,3.615067720413208
2022-03-21,2022-03-28,4.334,4.343,2.941,4.361873149871826
2022-03-21,2022-04-04,4.274,4.334,2.945,4.361684322357178
2022-03-21,2022-04-11,4.196,4.274,2.939,3.840466022491455
2022-03-21,2022-04-18,4.17,4.196,2.945,4.348839282989502
2022-04-18,2022-04-25,4.211,4.17,2.962,4.184382438659668
2022-04-18,2022-05-02,4.285,4.211,2.981,4.198657989501953
2022-04-18,2022-05-09,4.428,4.285,3.051,4.185996055603027
2022-04-18,2022-05-16,4.591,4.428,3.118,4.251712799072266
2022-05-16,2022-05-23,4.694,4.591,3.112,4.566112518310547
2022-05-16,2022-05-30,4.727,4.694,3.119,4.574497222900391
2022-05-16,2022-06-06,4.977,4.727,3.128,4.577455520629883
2022-05-16,2022-06-13,5.107,4.977,3.161,4.547946453094482
2022-06-13,2022-06-20,5.066,5.107,3.153,4.844917297363281
2022-06-13,2022-06-27,4.979,5.066,3.185,4.7270660400390625
2022-06-13,2022-07-04,4.879,4.979,3.216,4.685808181762695
2022-06-13,2022-07-11,4.754,4.879,3.227,4.715099334716797
2022-07-11,2022-07-18,4.599,4.754,3.247,4.770758628845215
2022-07-11,2022-07-25,4.44,4.599,3.232,4.823666095733643
2022-07-11,2022-08-01,4.304,4.44,3.256,4.718603134155273
2022-07-11,2022-08-08,4.151,4.304,3.269,4.546604633331299
2022-08-08,2022-08-15,4.051,4.151,3.272,4.064519882202148
2022-08-08,2022-08-22,3.993,4.051,3.243,4.065917015075684
2022-08-08,2022-08-29,3.938,3.993,3.237,4.141519546508789
2022-08-08,2022-09-05,3.859,3.938,3.273,3.98311448097229
2022-09-05,2022-09-12,3.805,3.859,3.262,3.8834304809570312
2022-09-05,2022-09-19,3.771,3.805,3.28,3.8803834915161133
2022-09-05,2022-09-26,3.832,3.771,3.271,3.880293369293213
2022-09-05,2022-10-03,3.909,3.832,3.285,3.8816022872924805
2022-10-03,2022-10-10,4.034,3.909,3.36,3.918092966079712
2022-10-03,2022-10-17,3.99,4.034,3.416,3.9190151691436768
2022-10-03,2022-10-24,3.887,3.99,3.476,3.905162811279297
2022-10-03,2022-10-31,3.857,3.887,3.484,3.9001331329345703
2022-10-31,2022-11-07,3.909,3.857,3.505,3.8766839504241943
2022-10-31,2022-11-14,3.876,3.909,3.495,3.8568413257598877
2022-10-31,2022-11-21,3.763,3.876,3.493,3.8335022926330566
2022-10-31,2022-11-28,3.649,3.763,3.478,3.82808256149292
2022-11-28,2022-12-05,3.504,3.649,3.44,3.675065279006958
2022-11-28,2022-12-12,3.353,3.504,3.414,3.631640672683716
2022-11-28,2022-12-19,3.234,3.353,3.395,3.6230826377868652
2022-11-28,2022-12-26,3.203,3.234,3.375,3.6380486488342285
2022-12-26,2023-01-02,3.331,3.203,3.381,3.2388112545013428
2022-12-26,2023-01-09,3.366,3.331,3.394,3.253279209136963
2022-12-26,2023-01-16,3.416,3.366,3.404,3.3246378898620605
2022-12-26,2023-01-23,3.519,3.416,3.421,3.409114360809326
2023-01-23,2023-01-30,3.594,3.519,3.464,3.5059542655944824
2023-01-23,2023-02-06,3.552,3.594,3.538,3.457051992416382
2023-01-23,2023-02-13,3.502,3.552,3.581,3.460935592651367
2023-01-23,2023-02-20,3.494,3.502,3.624,3.4674746990203857
2023-02-20,2023-02-27,3.457,3.494,3.701,3.3865678310394287
2023-02-20,2023-03-06,3.505,3.457,4.196,3.3968288898468018
2023-02-20,2023-03-13,3.568,3.505,4.414,3.4125282764434814
2023-02-20,2023-03-20,3.534,3.568,4.343,3.410212278366089
2023-03-20,2023-03-27,3.533,3.534,4.334,3.513705253601074
2023-03-20,2023-04-03,3.606,3.533,4.274,3.5183498859405518
2023-03-20,2023-04-10,3.703,3.606,4.196,3.5365564823150635
2023-03-20,2023-04-17,3.769,3.703,4.17,3.7183024883270264
2023-04-17,2023-04-24,3.765,3.769,4.211,3.7577474117279053
2023-04-17,2023-05-01,3.711,3.765,4.285,3.7143802642822266
2023-04-17,2023-05-08,3.644,3.711,4.428,3.6897265911102295
2023-04-17,2023-05-15,3.647,3.644,4.591,3.6167337894439697
2023-05-15,2023-05-22,3.645,3.647,4.694,3.638278007507324
2023-05-15,2023-05-29,3.684,3.645,4.727,3.6405351161956787
2023-05-15,2023-06-05,3.655,3.684,4.977,3.64268159866333
2023-05-15,2023-06-12,3.707,3.655,5.107,3.6440978050231934
2023-06-12,2023-06-19,3.69,3.707,5.066,3.679384708404541
2023-06-12,2023-06-26,3.685,3.69,4.979,3.671342134475708
2023-06-12,2023-07-03,3.643,3.685,4.879,3.6657729148864746
2023-06-12,2023-07-10,3.663,3.643,4.754,3.6606974601745605
2023-07-10,2023-07-17,3.676,3.663,4.599,3.6495988368988037
2023-07-10,2023-07-24,3.711,3.676,4.44,3.6767821311950684
2023-07-10,2023-07-31,3.869,3.711,4.304,3.7229807376861572
2023-07-10,2023-08-07,3.94,3.869,4.151,3.759488821029663
2023-08-07,2023-08-14,3.962,3.94,4.051,3.9362127780914307
2023-08-07,2023-08-21,3.984,3.962,3.993,3.8517868518829346
2023-08-07,2023-08-28,3.931,3.984,3.938,3.846174955368042
2023-08-07,2023-09-04,3.925,3.931,3.859,3.9068500995635986
2023-09-04,2023-09-11,3.941,3.925,3.805,3.9297492504119873
2023-09-04,2023-09-18,4.001,3.941,3.771,3.9684622287750244
2023-09-04,2023-09-25,3.963,4.001,3.832,3.981339931488037
2023-09-04,2023-10-02,3.93,3.963,3.909,3.9210214614868164
2023-10-02,2023-10-09,3.814,3.93,4.034,3.9175565242767334
2023-10-02,2023-10-16,3.706,3.814,3.99,3.8662824630737305
2023-10-02,2023-10-23,3.66,3.706,3.887,3.8355188369750977
2023-10-02,2023-10-30,3.6,3.66,3.857,3.7811551094055176
2023-10-30,2023-11-06,3.52,3.6,3.909,3.61987042427063
2023-10-30,2023-11-13,3.473,3.52,3.876,3.5925562381744385
2023-10-30,2023-11-20,3.414,3.473,3.763,3.52292537689209
2023-10-30,2023-11-27,3.363,3.414,3.649,3.488887310028076
2023-11-27,2023-12-04,3.355,3.363,3.504,3.3736279010772705
2023-11-27,2023-12-11,3.259,3.355,3.353,3.382204294204712
2023-11-27,2023-12-18,3.176,3.259,3.234,3.3761844635009766
2023-11-27,2023-12-25,3.238,3.176,3.203,3.415496587753296
2023-12-25,2024-01-01,3.213,3.238,3.331,3.4249019622802734
2023-12-25,2024-01-08,3.197,3.213,3.366,3.446659564971924
2023-12-25,2024-01-15,3.179,3.197,3.416,3.4571266174316406
2023-12-25,2024-01-22,3.181,3.179,3.519,3.4536783695220947
2024-01-22,2024-01-29,3.214,3.181,3.594,3.248911142349243
2024-01-22,2024-02-05,3.254,3.214,3.552,3.2957472801208496
2024-01-22,2024-02-12,3.309,3.254,3.502,3.2891359329223633
2024-01-22,2024-02-19,3.385,3.309,3.494,3.3020920753479004
2024-02-19,2024-02-26,3.365,3.385,3.457,3.442690372467041
2024-02-19,2024-03-04,3.466,3.365,3.505,3.4372429847717285
2024-02-19,2024-03-11,3.492,3.466,3.568,3.5108001232147217
2024-02-19,2024-03-18,3.569,3.492,3.534,3.54399037361145
2024-03-18,2024-03-25,3.639,3.569,3.533,3.598740816116333
2024-03-18,2024-04-01,3.636,3.639,3.606,3.6673669815063477
2024-03-18,2024-04-08,3.712,3.636,3.703,3.6808366775512695
2024-03-18,2024-04-15,3.751,3.712,3.769,3.7173609733581543
2024-04-15,2024-04-22,3.791,3.751,3.765,3.737628221511841
2024-04-15,2024-04-29,3.777,3.791,3.711,3.7716047763824463
2024-04-15,2024-05-06,3.766,3.777,3.644,3.747318744659424
2024-04-15,2024-05-13,3.731,3.766,3.647,3.7319629192352295
2024-05-13,2024-05-20,3.706,3.731,3.645,3.7322473526000977
2024-05-13,2024-05-27,3.698,3.706,3.684,3.693631410598755
2024-05-13,2024-06-03,3.638,3.698,3.655,3.6657843589782715
2024-05-13,2024-06-10,3.551,3.638,3.707,3.6425538063049316
2024-06-10,2024-06-17,3.556,3.551,3.69,3.5664591789245605
2024-06-10,2024-06-24,3.557,3.556,3.685,3.584890365600586
2024-06-10,2024-07-01,3.595,3.557,3.643,3.579620122909546
2024-06-10,2024-07-08,3.608,3.595,3.663,3.594029664993286
2024-07-08,2024-07-15,3.614,3.608,3.676,3.606168508529663
2024-07-08,2024-07-22,3.587,3.614,3.711,3.6043832302093506
2024-07-08,2024-07-29,3.598,3.587,3.869,3.598389148712158
2024-07-08,2024-08-05,3.563,3.598,3.94,3.592503786087036
2024-08-05,2024-08-12,3.53,3.563,3.962,3.5764379501342773
2024-08-05,2024-08-19,3.5,3.53,3.984,3.5536820888519287
2024-08-05,2024-08-26,3.433,3.5,3.931,3.4781105518341064
2024-08-05,2024-09-02,3.411,3.433,3.925,3.4675965309143066
2024-09-02,2024-09-09,3.36,3.411,3.941,3.4072535037994385
2024-09-02,2024-09-16,3.307,3.36,4.001,3.348487138748169
2024-09-02,2024-09-23,3.311,3.307,3.963,3.2954347133636475
2024-09-02,2024-09-30,3.303,3.311,3.93,3.2895970344543457
2024-09-30,2024-10-07,3.26,3.303,3.814,3.2848832607269287
2024-09-30,2024-10-14,3.294,3.26,3.706,3.3129565715789795
2024-09-30,2024-10-21,3.268,3.294,3.66,3.298982620239258
2024-09-30,2024-10-28,3.22,3.268,3.6,3.298820972442627
2024-10-28,2024-11-04,3.191,3.22,3.52,3.2229557037353516
2024-10-28,2024-11-11,3.176,3.191,3.473,3.2545130252838135
2024-10-28,2024-11-18,3.168,3.176,3.414,3.249436378479004
2024-10-28,2024-11-25,3.166,3.168,3.363,3.256002426147461
2024-11-25,2024-12-02,3.156,3.166,3.355,3.2523913383483887
2024-11-25,2024-12-09,3.131,3.156,3.259,3.259643793106079
2024-11-25,2024-12-16,3.137,3.131,3.176,3.2834768295288086
2024-11-25,2024-12-23,3.145,3.137,3.238,3.2895803451538086
2024-12-23,2024-12-30,3.128,3.145,3.213,3.155500888824463
2024-12-23,2025-01-06,3.168,3.128,3.197,3.1960442066192627
2024-12-23,2025-01-13,3.164,3.168,3.179,3.2547976970672607
2024-12-23,2025-01-20,3.229,3.164,3.181,3.2550415992736816
2025-01-20,2025-01-27,3.224,3.229,3.214,3.2808115482330322
2025-01-20,2025-02-03,3.205,3.224,3.254,3.254366636276245
2025-01-20,2025-02-10,3.253,3.205,3.309,3.2492613792419434
2025-01-20,2025-02-17,3.276,3.253,3.385,3.2378032207489014
2025-02-17,2025-02-24,3.255,3.276,3.365,3.280675172805786
2025-02-17,2025-03-03,3.206,3.255,3.466,3.266710042953491
2025-02-17,2025-03-10,3.197,3.206,3.492,3.2413272857666016
2025-02-17,2025-03-17,3.184,3.197,3.569,3.236433267593384
2025-03-17,2025-03-24,3.24,3.184,3.639,3.204007863998413
2025-03-17,2025-03-31,3.288,3.24,3.636,3.2127931118011475
2025-03-17,2025-04-07,3.37,3.288,3.712,3.2482986450195312
2025-03-17,2025-04-14,3.295,3.37,3.751,3.3083956241607666
2025-04-14,2025-04-21,3.268,3.295,3.791,3.2818171977996826
2025-04-14,2025-04-28,3.261,3.268,3.777,3.268984079360962
2025-04-14,2025-05-05,3.273,3.261,3.766,3.297290802001953
2025-04-14,2025-05-12,3.249,3.273,3.731,3.2627382278442383
2025-05-12,2025-05-19,3.302,3.249,3.706,3.252650499343872
2025-05-12,2025-05-26,3.288,3.302,3.698,3.2727253437042236
2025-05-12,2025-06-02,3.256,3.288,3.638,3.273257255554199
2025-05-12,2025-06-09,3.235,3.256,3.551,3.2318811416625977
2025-06-09,2025-06-16,3.265,3.235,3.556,3.2181100845336914
2025-06-09,2025-06-23,3.338,3.265,3.557,3.243898868560791
2025-06-09,2025-06-30,3.288,3.338,3.595,3.281095266342163
2025-06-09,2025-07-07,3.251,3.288,3.608,3.2784974575042725
2025-07-07,2025-07-14,3.254,3.251,3.614,3.257206916809082
2025-07-07,2025-07-21,3.246,3.254,3.587,3.2549257278442383
2025-07-07,2025-07-28,3.247,3.246,3.598,3.2623958587646484
2025-07-07,2025-08-04,3.265,3.247,3.563,3.2686359882354736
2025-08-04,2025-08-11,3.243,3.265,3.53,3.262167453765869
2025-08-04,2025-08-18,3.251,3.243,3.5,3.2617344856262207
2025-08-04,2025-08-25,3.272,3.251,3.433,3.256528854370117
2025-08-04,2025-09-01,3.303,3.272,3.411,3.257892608642578
2025-09-01,2025-09-08,3.319,3.303,3.36,3.2928998470306396
2025-09-01,2025-09-15,3.296,3.319,3.307,3.277796983718872
2025-09-01,2025-09-22,3.301,3.296,3.311,3.281891345977783
2025-09-01,2025-09-29,3.248,3.301,3.303,3.2644100189208984
2025-09-29,2025-10-06,3.253,3.248,3.26,3.2705183029174805
2025-09-29,2025-10-13,3.193,3.253,3.294,3.2702507972717285
2025-09-29,2025-10-20,3.151,3.193,3.268,3.2350451946258545
2025-09-29,2025-10-27,3.164,3.151,3.22,3.224976062774658
2025-10-27,2025-11-03,3.151,3.164,3.191,3.1750926971435547
2025-10-27,2025-11-10,3.186,3.151,3.176,3.1793107986450195
2025-10-27,2025-11-17,3.19,3.186,3.168,3.174609899520874
2025-10-27,2025-11-24,3.19,3.19,3.166,3.1738977432250977
2025-11-24,2025-12-01,3.115,3.19,3.156,3.188115358352661
2025-11-24,2025-12-08,3.07,3.115,3.131,3.18727970123291
2025-11-24,2025-12-15,3.024,3.07,3.137,3.182258367538452
2025-11-24,2025-12-22,2.97,3.024,3.145,3.1969339847564697
2025-12-22,2025-12-29,2.94,2.97,3.128,2.9949591159820557
2025-12-22,2026-01-05,2.925,2.94,3.168,3.030625343322754
2025-12-22,2026-01-12,2.907,2.925,3.164,3.088876724243164
2025-12-22,2026-01-19,2.933,2.907,3.229,3.0901029109954834
2026-01-19,2026-01-26,2.98,2.933,3.224,2.9293532371520996
2026-01-19,2026-02-02,2.995,2.98,3.205,2.9325554370880127
2026-01-19,2026-02-09,3.033,2.995,3.253,2.9448864459991455
2026-01-19,2026-02-16,3.057,3.033,3.276,2.9610273838043213
