window_id,mae_naive,mae_xgb,cutoff_end_date
2006-10-02__2008-09-22,0.6599999999999997,0.4663101320266724,2008-09-22
2020-01-06__2021-12-27,0.04574999999999996,0.40589378070831283,2021-12-27
2020-07-20__2022-07-11,0.5174999999999994,0.31986429786682113,2022-07-11
2022-01-03__2023-12-25,0.04525000000000001,0.3006888399124146,2023-12-25
2004-06-14__2006-06-05,0.04125000000000001,0.28203817653655994,2006-06-05
2023-01-30__2025-01-20,0.030249999999999888,0.2516426649093627,2025-01-20
2013-11-18__2015-11-09,0.16849999999999998,0.2350043377876282,2015-11-09
2006-10-30__2008-10-20,0.7665000000000002,0.21051011562347421,2008-10-20
2005-03-21__2007-03-12,0.1895,0.202824956893921,2007-03-12
2020-03-02__2022-02-21,0.6977499999999996,0.19701383733749367,2022-02-21
2004-03-22__2006-03-13,0.2739999999999999,0.1962588019371031,2006-03-13
2020-12-07__2022-11-28,0.36875,0.18518520689010642,2022-11-28
2010-02-15__2012-02-06,0.2492500000000002,0.18093324661254873,2012-02-06
2003-08-11__2005-08-01,0.41900000000000004,0.18087845230102528,2005-08-01
2003-09-08__2005-08-29,0.26274999999999993,0.17292640590667707,2005-08-29
2022-08-15__2024-08-05,0.13700000000000023,0.16851758861541755,2024-08-05
2021-10-11__2023-10-02,0.3085000000000001,0.16564793920516974,2023-10-02
2018-03-05__2020-02-24,0.2722500000000001,0.1625635728836059,2020-02-24
2020-06-22__2022-06-13,0.30425000000000035,0.1611101083755495,2022-06-13
2020-05-25__2022-05-16,0.37825,0.1529926424026491,2022-05-16
2004-01-26__2006-01-16,0.04325000000000001,0.1475693745613098,2006-01-16
2020-11-09__2022-10-31,0.1685000000000001,0.14414758872985833,2022-10-31
2006-09-04__2008-08-25,0.06774999999999998,0.14401251125335712,2008-08-25
2005-09-05__2007-08-27,0.052750000000000186,0.14288652420043935,2007-08-27
2010-08-02__2012-07-23,0.22625000000000017,0.14198903942108154,2012-07-23
2005-04-18__2007-04-09,0.1955,0.13796883201599108,2007-04-09
2021-03-29__2023-03-20,0.17675000000000018,0.13755144309997558,2023-03-20
2009-02-16__2011-02-07,0.28274999999999995,0.13687782192230225,2011-02-07
2021-12-06__2023-11-27,0.14149999999999996,0.13163981771469135,2023-11-27
2021-07-19__2023-07-10,0.20750000000000024,0.12993142175674433,2023-07-10
2013-12-16__2015-12-07,0.030749999999999833,0.12902427005767825,2015-12-07
2003-11-03__2005-10-24,0.3487500000000001,0.12849606561660776,2005-10-24
2006-02-20__2008-02-11,0.23824999999999996,0.12484777498245248,2008-02-11
2021-11-08__2023-10-30,0.1987500000000001,0.12386334419250489,2023-10-30
2013-10-21__2015-10-12,0.11599999999999988,0.12252365016937261,2015-10-12
2020-04-27__2022-04-18,0.3295000000000001,0.12217243862152105,2022-04-18
2019-04-29__2021-04-19,0.12050000000000016,0.12103990602493275,2021-04-19
2011-09-26__2013-09-16,0.16775000000000018,0.11861343860626228,2013-09-16
2004-09-06__2006-08-28,0.3909999999999999,0.11657819557189963,2006-08-28
2010-08-30__2012-08-20,0.10650000000000004,0.11654954862594602,2012-08-20
2010-06-07__2012-05-28,0.19625000000000015,0.11635854196548467,2012-05-28
2003-10-06__2005-09-26,0.16074999999999995,0.11586971855163575,2005-09-26
2013-08-26__2015-08-17,0.2955,0.11467068672180192,2015-08-17
2005-02-21__2007-02-12,0.26475000000000015,0.11346411275863655,2007-02-12
2005-10-31__2007-10-22,0.25524999999999975,0.11321747016906725,2007-10-22
2004-12-27__2006-12-18,0.06600000000000006,0.11240473222732539,2006-12-18
2015-08-24__2017-08-14,0.21725000000000005,0.11152270603179926,2017-08-14
2014-01-13__2016-01-04,0.1877499999999998,0.11089105272293098,2016-01-04
2007-04-16__2009-04-06,0.06825000000000014,0.11042812871932983,2009-04-06
2006-03-20__2008-03-10,0.09399999999999986,0.10993833971023548,2008-03-10
2001-01-29__2003-01-20,0.15250000000000002,0.10903664660453793,2003-01-20
2013-09-23__2015-09-14,0.06125000000000003,0.1083664145469666,2015-09-14
2023-02-27__2025-02-17,0.0692499999999997,0.10623214197158815,2025-02-17
2012-12-17__2014-12-08,0.4099999999999999,0.10501360225677492,2014-12-08
2019-01-07__2020-12-28,0.13,0.09868522644042976,2020-12-28
2017-05-29__2019-05-20,0.13550000000000006,0.09790271854400623,2019-05-20
2012-10-22__2014-10-13,0.23724999999999985,0.09586461925506595,2014-10-13
2007-05-14__2009-05-04,0.39349999999999996,0.09477045297622677,2009-05-04
2012-11-19__2014-11-10,0.22975,0.09409862613677988,2014-11-10
2005-05-16__2007-05-07,0.11050000000000004,0.09394033670425406,2007-05-07
2016-04-04__2018-03-26,0.12325000000000019,0.09221284961700449,2018-03-26
2024-01-01__2025-12-22,0.03875000000000017,0.09143421173095723,2025-12-22
2020-08-17__2022-08-08,0.25224999999999975,0.09057896518707254,2022-08-08
2020-09-14__2022-09-05,0.08499999999999996,0.08984537220001187,2022-09-05
2006-11-27__2008-11-17,0.3685000000000001,0.08866772556304925,2008-11-17
2006-04-17__2008-04-07,0.28000000000000014,0.08841733789443973,2008-04-07
2009-03-16__2011-03-07,0.13974999999999993,0.08783134746551513,2011-03-07
2013-02-11__2015-02-02,0.3207500000000001,0.08769752359390248,2015-02-02
2000-02-28__2002-02-18,0.13224999999999998,0.08762092757225026,2002-02-18
2004-08-09__2006-07-31,0.12799999999999978,0.08711051034927375,2006-07-31
2014-02-10__2016-02-01,0.06224999999999997,0.08697627162933336,2016-02-01
2002-04-22__2004-04-12,0.11575000000000008,0.0864724745750427,2004-04-12
2006-05-15__2008-05-05,0.3225000000000001,0.08545853900909406,2008-05-05
2011-04-11__2013-04-01,0.11324999999999985,0.08505913543701171,2013-04-01
2008-11-24__2010-11-15,0.07125000000000004,0.0842762942314148,2010-11-15
2017-06-26__2019-06-17,0.07050000000000012,0.08383343648910524,2019-06-17
2022-12-05__2024-11-25,0.030749999999999944,0.0827615580558777,2024-11-25
2016-11-14__2018-11-05,0.2437499999999998,0.08234190702438349,2018-11-05
2016-12-12__2018-12-03,0.15400000000000003,0.08116237878799437,2018-12-03
2014-12-15__2016-12-05,0.1227499999999998,0.0808952212333679,2016-12-05
2006-01-23__2008-01-14,0.07825000000000026,0.08046211671829229,2008-01-14
2009-05-11__2011-05-02,0.11425000000000018,0.08045195817947426,2011-05-02
2021-05-24__2023-05-15,0.037000000000000144,0.07925514841079684,2023-05-15
2011-03-14__2013-03-04,0.10100000000000009,0.07776578664779654,2013-03-04
2004-05-17__2006-05-08,0.0202500000000001,0.0769819412231445,2006-05-08
2000-01-03__2001-12-24,0.03499999999999992,0.07599491071701053,2001-12-24
1998-08-17__2000-08-07,0.04475000000000001,0.0758206727504731,2000-08-07
2002-03-25__2004-03-15,0.05850000000000011,0.07537450242042543,2004-03-15
2015-07-27__2017-07-17,0.09050000000000014,0.07471786260604862,2017-07-17
2006-12-25__2008-12-15,0.09200000000000003,0.07457418441772468,2008-12-15
2001-08-13__2003-08-04,0.1737499999999999,0.07456020689010617,2003-08-04
2003-03-24__2005-03-14,0.16525000000000012,0.07361333799362191,2005-03-14
2011-07-04__2013-06-24,0.07999999999999996,0.07290836811065682,2013-06-24
1999-07-19__2001-07-09,0.05375000000000002,0.07249452567100528,2001-07-09
2010-12-20__2012-12-10,0.05725000000000002,0.0718834466934204,2012-12-10
2021-03-01__2023-02-20,0.0409999999999997,0.0717819666862487,2023-02-20
2021-06-21__2023-06-12,0.0402499999999999,0.07169769811630244,2023-06-12
2013-07-29__2015-07-20,0.1309999999999999,0.07088587951660164,2015-07-20
2018-04-02__2020-03-23,0.2787500000000001,0.07008788514137271,2020-03-23
2022-10-10__2024-09-30,0.05974999999999997,0.0697270159721376,2024-09-30
2010-11-22__2012-11-12,0.09024999999999983,0.0694176492691041,2012-11-12
2012-01-16__2014-01-06,0.03325000000000011,0.06927905416488678,2014-01-06
2021-08-16__2023-08-07,0.017249999999999988,0.06897773885726921,2023-08-07
2007-10-01__2009-09-21,0.07174999999999987,0.06896604585647581,2009-09-21
2006-07-10__2008-06-30,0.09824999999999984,0.06869975948333729,2008-06-30
1999-03-29__2001-03-19,0.12850000000000006,0.06829036235809333,2001-03-19
1998-01-05__1999-12-27,0.023749999999999993,0.06800413870811467,1999-12-27
2022-02-28__2024-02-19,0.1565000000000002,0.06772792339324951,2024-02-19
2005-01-24__2007-01-15,0.044499999999999984,0.06772769737243645,2007-01-15
2013-04-08__2015-03-30,0.1047499999999999,0.06714494371414181,2015-03-30
2017-04-03__2019-03-25,0.20799999999999996,0.0659652557373046,2019-03-25
2022-01-31__2024-01-22,0.14725,0.06592714357376084,2024-01-22
2022-05-23__2024-05-13,0.12024999999999986,0.06516392993927,2024-05-13
2018-01-08__2019-12-30,0.05224999999999991,0.0651530270576477,2019-12-30
2013-01-14__2015-01-05,0.1279999999999999,0.06479552745819084,2015-01-05
2011-01-17__2013-01-07,0.15049999999999986,0.06383273458480843,2013-01-07
2005-10-03__2007-09-24,0.039999999999999925,0.06349319887161275,2007-09-24
2009-11-23__2011-11-14,0.15650000000000008,0.0628051390647889,2011-11-14
2019-07-22__2021-07-12,0.03025000000000011,0.06224535799026498,2021-07-12
2005-07-11__2007-07-02,0.07074999999999998,0.062189811229705794,2007-07-02
2017-07-24__2019-07-15,0.11899999999999988,0.0621451768875122,2019-07-15
2004-10-04__2006-09-25,0.1532499999999999,0.06208489465713507,2006-09-25
2012-09-24__2014-09-15,0.15674999999999983,0.06166617393493645,2014-09-15
2002-07-15__2004-07-05,0.017250000000000043,0.06148932719230654,2004-07-05
2017-09-18__2019-09-09,0.09875000000000012,0.060739555358886754,2019-09-09
2016-05-02__2018-04-23,0.07274999999999987,0.06073551702499391,2018-04-23
2011-02-14__2013-02-04,0.21299999999999986,0.06038103294372554,2013-02-04
2017-03-06__2019-02-25,0.19024999999999992,0.06034183979034424,2019-02-25
2020-02-03__2022-01-24,0.19000000000000017,0.05946612215042113,2022-01-24
2008-05-12__2010-05-03,0.11900000000000022,0.05919591093063359,2010-05-03
2019-02-04__2021-01-25,0.1842499999999998,0.05887575721740723,2021-01-25
2008-02-18__2010-02-08,0.07050000000000012,0.05863394975662217,2010-02-08
2003-02-24__2005-02-14,0.12299999999999994,0.05846511268615723,2005-02-14
2015-04-06__2017-03-27,0.11224999999999996,0.058249947071075336,2017-03-27
1999-06-21__2001-06-11,0.17649999999999993,0.05782020187377929,2001-06-11
2006-08-07__2008-07-28,0.22774999999999979,0.05772626972198491,2008-07-28
2016-10-17__2018-10-08,0.12550000000000006,0.05734956645965583,2018-10-08
1998-07-20__2000-07-10,0.11274999999999985,0.05687970066070552,2000-07-10
2009-06-08__2011-05-30,0.16299999999999992,0.056584956645965634,2011-05-30
2023-03-27__2025-03-17,0.12124999999999975,0.056462161540985156,2025-03-17
2003-06-16__2005-06-06,0.11550000000000027,0.05642120790481586,2005-06-06
2004-04-19__2006-04-10,0.2412500000000002,0.056175910949706975,2006-04-10
2023-12-04__2025-11-24,0.18899999999999995,0.056134926319122314,2025-11-24
2012-08-27__2014-08-18,0.05225000000000002,0.056051489830017176,2014-08-18
2009-12-21__2011-12-12,0.060249999999999915,0.05575638818740836,2011-12-12
2011-10-24__2013-10-14,0.10825000000000018,0.055473312854766865,2013-10-14
1998-05-25__2000-05-15,0.10725000000000007,0.055183536529540944,2000-05-15
2020-10-12__2022-10-03,0.03874999999999995,0.05513788461685187,2022-10-03
2014-04-07__2016-03-28,0.08600000000000008,0.054947977066040155,2016-03-28
2019-10-14__2021-10-04,0.1852499999999998,0.054677416324615424,2021-10-04
2022-11-07__2024-10-28,0.0535000000000001,0.05458548879623404,2024-10-28
2003-05-19__2005-05-09,0.0704999999999999,0.05440879869461046,2005-05-09
2004-07-12__2006-07-03,0.0744999999999999,0.05351114606857299,2006-07-03
2009-07-06__2011-06-27,0.10675000000000023,0.0534989299774169,2011-06-27
2020-03-30__2022-03-21,0.13024999999999998,0.053456162452697686,2022-03-21
2008-03-17__2010-03-08,0.07275000000000009,0.05340731906890861,2010-03-08
2003-12-29__2005-12-19,0.0950000000000002,0.05328712463378915,2005-12-19
2004-02-23__2006-02-13,0.09225000000000005,0.0525752520561219,2006-02-13
2016-03-07__2018-02-26,0.07750000000000012,0.05242091989517217,2018-02-26
1998-02-02__2000-01-24,0.060749999999999915,0.05162258958816529,2000-01-24
2010-01-18__2012-01-09,0.07800000000000018,0.05136922025680546,2012-01-09
2008-12-22__2010-12-13,0.09749999999999981,0.050948090553283865,2010-12-13
2007-03-19__2009-03-09,0.08324999999999982,0.05089463114738446,2009-03-09
2009-08-31__2011-08-22,0.06374999999999997,0.0506821255683898,2011-08-22
2005-12-26__2007-12-17,0.06300000000000017,0.0506235008239746,2007-12-17
2011-11-21__2013-11-11,0.07500000000000007,0.050053286075591785,2013-11-11
2008-04-14__2010-04-05,0.05300000000000027,0.049988977909088184,2010-04-05
2012-05-07__2014-04-28,0.03699999999999981,0.04997415637969971,2014-04-28
2016-05-30__2018-05-21,0.039000000000000035,0.0497724618911739,2018-05-21
2010-03-15__2012-03-05,0.12324999999999975,0.04975660181045527,2012-03-05
2008-08-04__2010-07-26,0.03600000000000003,0.04961024332046493,2010-07-26
2002-02-25__2004-02-16,0.08250000000000002,0.04954805135726925,2004-02-16
2008-09-29__2010-09-20,0.07800000000000007,0.04954804706573479,2010-09-20
2010-10-25__2012-10-15,0.3320000000000002,0.04911860895156872,2012-10-15
2012-06-04__2014-05-26,0.01674999999999993,0.04892747163772582,2014-05-26
2021-09-13__2023-09-04,0.05750000000000022,0.048682321071624735,2023-09-04
2011-08-29__2013-08-19,0.03749999999999987,0.04790005302429179,2013-08-19
1998-12-07__2000-11-27,0.08624999999999994,0.04762359237670899,2000-11-27
2005-08-08__2007-07-30,0.10375000000000023,0.0467712097167966,2007-07-30
2021-01-04__2022-12-26,0.27075000000000016,0.04619223785400406,2022-12-26
2002-10-07__2004-09-27,0.10649999999999993,0.04587177324295022,2004-09-27
2013-05-06__2015-04-27,0.17474999999999985,0.04586787176132201,2015-04-27
2011-06-06__2013-05-27,0.055499999999999994,0.045488205909728796,2013-05-27
2014-11-17__2016-11-07,0.04475000000000007,0.04537283325195318,2016-11-07
2009-04-13__2011-04-04,0.22799999999999987,0.04506751537322995,2011-04-04
2007-11-26__2009-11-16,0.0182500000000001,0.0450508852005006,2009-11-16
1999-04-26__2001-04-16,0.10899999999999993,0.04480950856208804,2001-04-16
2018-05-28__2020-05-18,0.17800000000000005,0.04445098352432264,2020-05-18
2018-04-30__2020-04-20,0.06400000000000006,0.04400059390068056,2020-04-20
1997-03-03__1999-02-22,0.09025000000000002,0.04377439486980436,1999-02-22
2012-04-09__2014-03-31,0.1070000000000002,0.0436261134147643,2014-03-31
2007-07-09__2009-06-29,0.12749999999999984,0.0435225043296813,2009-06-29
2022-04-25__2024-04-15,0.02650000000000008,0.04331798696517963,2024-04-15
2022-07-18__2024-07-08,0.03850000000000009,0.043117731094360345,2024-07-08
2012-02-13__2014-02-03,0.15650000000000008,0.0426957402229311,2014-02-03
2019-06-24__2021-06-14,0.05774999999999997,0.042486608028411865,2021-06-14
2005-06-13__2007-06-04,0.1707500000000003,0.04245187282562257,2007-06-04
2007-06-11__2009-06-01,0.13449999999999984,0.04244796133041384,2009-06-01
2007-12-24__2009-12-14,0.08925000000000016,0.0422177619934081,2009-12-14
2012-07-30__2014-07-21,0.10649999999999982,0.04174986886978149,2014-07-21
2013-03-11__2015-03-02,0.029750000000000054,0.041693533897399826,2015-03-02
2002-12-02__2004-11-22,0.10499999999999998,0.04129614877700799,2004-11-22
1999-01-04__2000-12-25,0.0442499999999999,0.04126038956642153,2000-12-25
1999-10-11__2001-10-01,0.15900000000000009,0.04083049678802497,2001-10-01
1999-09-13__2001-09-03,0.09549999999999992,0.04056251430511476,2001-09-03
2010-09-27__2012-09-17,0.08350000000000002,0.04014126300811749,2012-09-17
2017-05-01__2019-04-22,0.028750000000000053,0.03904485845565797,2019-04-22
2015-10-19__2017-10-09,0.04575000000000007,0.038550475120544436,2017-10-09
2016-01-11__2018-01-01,0.07125000000000004,0.038523032188415685,2018-01-01
1998-04-27__2000-04-17,0.03975000000000001,0.0380744829177857,2000-04-17
2014-09-22__2016-09-12,0.04899999999999993,0.03798678779602038,2016-09-12
2003-04-21__2005-04-11,0.0727500000000002,0.03773301076889035,2005-04-11
2019-05-27__2021-05-17,0.022250000000000214,0.037109407424926744,2021-05-17
2015-06-01__2017-05-22,0.05724999999999991,0.03687700843811048,2017-05-22
2007-09-03__2009-08-24,0.07324999999999993,0.036791071891784544,2009-08-24
1999-08-16__2001-08-06,0.11374999999999996,0.0366994516849517,2001-08-06
2017-12-11__2019-12-02,0.024249999999999883,0.03668104410171513,2019-12-02
2023-01-02__2024-12-23,0.05125000000000013,0.03646019649505605,2024-12-23
2022-09-12__2024-09-02,0.11575000000000013,0.036437469005584755,2024-09-02
2009-10-26__2011-10-17,0.0542499999999998,0.036380875110626154,2011-10-17
2023-10-09__2025-09-29,0.08325000000000027,0.0363267288208009,2025-09-29
2007-01-22__2009-01-12,0.122,0.036307377338409386,2009-01-12
2003-07-14__2005-07-04,0.09150000000000025,0.03616780090332028,2005-07-04
2009-09-28__2011-09-19,0.15175000000000005,0.036063363552093386,2011-09-19
2001-12-31__2003-12-22,0.08599999999999997,0.03563627648353562,2003-12-22
2023-06-19__2025-06-09,0.04775000000000007,0.03547302961349508,2025-06-09
2007-08-06__2009-07-27,0.128,0.035050370693206934,2009-07-27
2002-06-17__2004-06-07,0.1140000000000001,0.034678141117095995,2004-06-07
2014-05-05__2016-04-25,0.11324999999999996,0.034558913230896104,2016-04-25
2019-08-19__2021-08-09,0.0172500000000001,0.03425250768661503,2021-08-09
2011-08-01__2013-07-22,0.10624999999999984,0.03356289768219001,2013-07-22
2019-09-16__2021-09-06,0.026999999999999913,0.033432756900787286,2021-09-06
1998-03-02__2000-02-21,0.1127499999999999,0.033249169588088934,2000-02-21
1997-01-06__1998-12-28,0.004750000000000004,0.03314664006233217,1998-12-28
2018-10-15__2020-10-05,0.045499999999999874,0.032963975429534775,2020-10-05
2015-11-16__2017-11-06,0.04074999999999995,0.03281617784500135,2017-11-06
2011-05-09__2013-04-29,0.1137499999999999,0.0327044792175295,2013-04-29
2002-05-20__2004-05-10,0.09599999999999997,0.03243607473373411,2004-05-10
2023-11-06__2025-10-27,0.030749999999999833,0.03224725151061991,2025-10-27
2022-03-28__2024-03-18,0.15350000000000008,0.03224638462066631,2024-03-18
2002-09-09__2004-08-30,0.03550000000000003,0.032241477489471426,2004-08-30
1994-04-04__1996-03-25,0.07850000000000001,0.032216657161712625,1996-03-25
1999-11-08__2001-10-29,0.08974999999999994,0.03221626901626584,2001-10-29
1995-12-11__1997-12-01,0.034750000000000114,0.032127839565277205,1997-12-01
2002-08-12__2004-08-02,0.018749999999999933,0.032123831748962384,2004-08-02
2007-02-19__2009-02-09,0.013500000000000012,0.031852031707763684,2009-02-09
2021-04-26__2023-04-17,0.10725000000000018,0.03159911251068104,2023-04-17
2000-06-19__2002-06-10,0.01200000000000001,0.031187126874923754,2002-06-10
2018-02-05__2020-01-27,0.07050000000000023,0.03110710668563843,2020-01-27
2017-02-06__2019-01-28,0.09050000000000002,0.031078663349151325,2019-01-28
2001-05-21__2003-05-12,0.013500000000000012,0.030994861364364634,2003-05-12
1998-03-30__2000-03-20,0.06324999999999997,0.030868619203567482,2000-03-20
2013-07-01__2015-06-22,0.028000000000000025,0.030687981128692532,2015-06-22
2019-03-04__2021-02-22,0.20599999999999996,0.030501081943512198,2021-02-22
2015-06-29__2017-06-19,0.031749999999999834,0.029897032737732143,2017-06-19
2003-12-01__2005-11-21,0.02224999999999988,0.029640645027160795,2005-11-21
1999-12-06__2001-11-26,0.04624999999999996,0.02924554038047794,2001-11-26
2001-07-16__2003-07-07,0.047750000000000015,0.02920940780639658,2003-07-07
2002-12-30__2004-12-20,0.024499999999999966,0.029162513732910122,2004-12-20
2016-06-27__2018-06-18,0.02925000000000022,0.028873886585235597,2018-06-18
2000-12-04__2002-11-25,0.029000000000000026,0.028766290187835775,2002-11-25
2014-08-25__2016-08-15,0.07225000000000037,0.028488825321197453,2016-08-15
2015-03-09__2017-02-27,0.014499999999999957,0.028482727050781254,2017-02-27
2001-02-26__2003-02-17,0.04349999999999993,0.02819012141227717,2003-02-17
2016-09-19__2018-09-10,0.041750000000000065,0.028109519004821948,2018-09-10
2015-12-14__2017-12-04,0.029749999999999943,0.028104207992553754,2017-12-04
2001-12-03__2003-11-24,0.034750000000000114,0.027544950962066772,2003-11-24
2009-08-03__2011-07-25,0.07600000000000007,0.02731437730789177,2011-07-25
1999-03-01__2001-02-19,0.03925000000000006,0.027141070604324302,2001-02-19
2003-01-27__2005-01-17,0.08550000000000002,0.027032318592071503,2005-01-17
2000-05-22__2002-05-13,0.007500000000000007,0.02693616199493415,2002-05-13
2014-06-02__2016-05-23,0.06400000000000006,0.02687785482406624,2016-05-23
2002-11-04__2004-10-25,0.06399999999999989,0.026701102256774856,2004-10-25
2010-04-12__2012-04-02,0.08425000000000005,0.026292561531066738,2012-04-02
2017-01-09__2018-12-31,0.01750000000000007,0.026271757602691626,2018-12-31
2012-07-02__2014-06-23,0.08975,0.02608721923828128,2014-06-23
1998-09-14__2000-09-04,0.020250000000000046,0.0253260221481324,2000-09-04
2010-05-10__2012-04-30,0.14249999999999974,0.025113955497741758,2012-04-30
2008-10-27__2010-10-18,0.039249999999999896,0.025013448238372593,2010-10-18
2015-09-21__2017-09-11,0.14749999999999985,0.024813366889953725,2017-09-11
1997-07-21__1999-07-12,0.06475000000000003,0.024728241443634003,1999-07-12
2001-03-26__2003-03-17,0.11249999999999999,0.024644220590591404,2003-03-17
2019-11-11__2021-11-01,0.01749999999999996,0.024557785987853964,2021-11-01
1996-10-14__1998-10-05,0.006249999999999922,0.024328074216842632,1998-10-05
2006-06-12__2008-06-02,0.11800000000000033,0.02426034832000723,2008-06-02
2018-08-20__2020-08-10,0.03375000000000017,0.02422953414916984,2020-08-10
2018-12-10__2020-11-30,0.09500000000000008,0.02402501821517944,2020-11-30
2014-06-30__2016-06-20,0.1100000000000001,0.02396518230438227,2016-06-20
2001-11-05__2003-10-27,0.04050000000000009,0.023619508981704784,2003-10-27
2008-06-09__2010-05-31,0.0172500000000001,0.02341697359085071,2010-05-31
2023-04-24__2025-04-14,0.027249999999999885,0.023390935420990022,2025-04-14
2021-02-01__2023-01-23,0.034250000000000114,0.023270565509796226,2023-01-23
1996-08-19__1998-08-10,0.022250000000000048,0.022811234235763533,1998-08-10
2004-11-29__2006-11-20,0.07374999999999987,0.022232949256897006,2006-11-20
2012-03-12__2014-03-03,0.08750000000000002,0.022224059581756217,2014-03-03
1998-10-12__2000-10-02,0.015750000000000097,0.022170911312103303,2000-10-02
2007-10-29__2009-10-19,0.08500000000000019,0.022072714805603133,2009-10-19
2005-11-28__2007-11-19,0.08600000000000019,0.02192693996429429,2007-11-19
1995-11-13__1997-11-03,0.020000000000000018,0.02183390164375293,1997-11-03
2000-11-06__2002-10-28,0.044500000000000095,0.02171899986267084,2002-10-28
2023-08-14__2025-08-04,0.028249999999999886,0.021628146171569718,2025-08-04
2015-05-04__2017-04-24,0.06125000000000025,0.021480115890502915,2017-04-24
1996-11-11__1998-11-02,0.030500000000000083,0.02138693857192997,1998-11-02
1999-02-01__2001-01-22,0.023499999999999854,0.021352493047714027,2001-01-22
2022-06-20__2024-06-10,0.04249999999999987,0.0213094534873961,2024-06-10
2001-09-10__2003-09-01,0.11675000000000002,0.02101633787155155,2003-09-01
1999-05-24__2001-05-14,0.05149999999999999,0.02084081578254704,2001-05-14
2008-07-07__2010-06-28,0.025250000000000217,0.020744558334350516,2010-06-28
2023-05-22__2025-05-12,0.018999999999999906,0.020621701717376983,2025-05-12
1995-09-18__1997-09-08,0.031500000000000083,0.020595109224319508,1997-09-08
1995-07-24__1997-07-14,0.03225,0.02055837917327885,1997-07-14
2017-08-21__2019-08-12,0.0625,0.02049455213546747,2019-08-12
2019-12-09__2021-11-29,0.08675000000000022,0.02048467922210684,2021-11-29
2000-09-11__2002-09-02,0.017250000000000043,0.020114909887313903,2002-09-02
1995-03-06__1997-02-24,0.021250000000000047,0.019738883972167998,1997-02-24
2008-09-01__2010-08-23,0.016249999999999987,0.01963976860046379,2010-08-23
1994-05-02__1996-04-22,0.022750000000000048,0.01954014182090752,1996-04-22
2001-10-08__2003-09-29,0.03899999999999998,0.019091541767120412,2003-09-29
2017-10-16__2019-10-07,0.03200000000000003,0.018643162250518763,2019-10-07
1994-11-14__1996-11-04,0.018249999999999933,0.01861411809921254,1996-11-04
2000-03-27__2002-03-18,0.11149999999999988,0.01861237072944638,2002-03-18
1997-06-23__1999-06-14,0.02900000000000008,0.01858271408081058,1999-06-14
2011-12-19__2013-12-09,0.0442499999999999,0.0185804104804993,2013-12-09
1998-06-22__2000-06-12,0.035499999999999976,0.018263210535049534,2000-06-12
2013-06-03__2015-05-25,0.03324999999999978,0.018053998947143546,2015-05-25
1996-03-04__1998-02-23,0.029000000000000137,0.017649480104446502,1998-02-23
2001-04-23__2003-04-14,0.08174999999999999,0.017643368005752558,2003-04-14
2014-07-28__2016-07-18,0.0665,0.017248971939087032,2016-07-18
2002-01-28__2004-01-19,0.053249999999999964,0.016676842927932756,2004-01-19
2014-10-20__2016-10-10,0.046749999999999625,0.01662327718734724,2016-10-10
1995-05-29__1997-05-19,0.00874999999999998,0.0164883751869202,1997-05-19
1997-03-31__1999-03-22,0.11474999999999996,0.016248718738555934,1999-03-22
2016-02-08__2018-01-29,0.037250000000000005,0.016082493782043294,2018-01-29
1997-11-10__1999-11-01,0.03625000000000006,0.015765137434005705,1999-11-01
2014-03-10__2016-02-29,0.24424999999999997,0.015716101169585994,2016-02-29
2004-11-01__2006-10-23,0.02475000000000005,0.015426653385162581,2006-10-23
2018-11-12__2020-11-02,0.015249999999999986,0.014966937541961656,2020-11-02
2008-01-21__2010-01-11,0.09199999999999986,0.014729269981384352,2010-01-11
2010-07-05__2012-06-25,0.04200000000000004,0.01408517789840702,2012-06-25
2001-06-18__2003-06-09,0.010499999999999954,0.013899610757827807,2003-06-09
2023-07-17__2025-07-07,0.007750000000000035,0.013697255611419656,2025-07-07
1998-11-09__2000-10-30,0.03725000000000006,0.01339440035820011,2000-10-30
1996-02-05__1998-01-26,0.024250000000000105,0.013066220045089727,1998-01-26
2015-02-09__2017-01-30,0.019750000000000156,0.01272216033935547,2017-01-30
1995-08-21__1997-08-11,0.013999999999999957,0.012645320653915326,1997-08-11
2009-01-19__2011-01-10,0.03200000000000003,0.012550851345062286,2011-01-10
2023-09-11__2025-09-01,0.02849999999999986,0.012456069946289006,2025-09-01
1995-10-16__1997-10-06,0.026749999999999996,0.012115726709365837,1997-10-06
1994-09-19__1996-09-09,0.00374999999999992,0.012066391229629492,1996-09-09
1994-07-25__1996-07-15,0.019749999999999934,0.012009116888046234,1996-07-15
2000-08-14__2002-08-05,0.00275000000000003,0.0112598176002503,2002-08-05
1996-07-22__1998-07-13,0.01650000000000007,0.011214982986450184,1998-07-13
2018-07-23__2020-07-13,0.022249999999999992,0.011137004375457948,2020-07-13
2018-06-25__2020-06-15,0.08574999999999988,0.011114651679992482,2020-06-15
1997-08-18__1999-08-09,0.033499999999999974,0.010981939554214504,1999-08-09
2001-01-01__2002-12-23,0.05699999999999994,0.0107659342288971,2002-12-23
1996-01-08__1997-12-29,0.03574999999999989,0.009961238145828222,1997-12-29
2015-01-12__2017-01-02,0.05599999999999994,0.009754215240478481,2017-01-02
2019-04-01__2021-03-22,0.010250000000000203,0.009737166881561232,2021-03-22
1997-09-15__1999-09-06,0.016749999999999987,0.009609715938568186,1999-09-06
2017-11-13__2019-11-04,0.03224999999999989,0.009493505001067937,2019-11-04
1996-12-09__1998-11-30,0.03274999999999992,0.009178717970848016,1998-11-30
2016-07-25__2018-07-16,0.024250000000000105,0.0088737750053407,2018-07-16
1995-04-03__1997-03-24,0.005749999999999977,0.008727864980697608,1997-03-24
2000-01-31__2002-01-21,0.008750000000000091,0.008720379590988092,2002-01-21
2000-10-09__2002-09-30,0.03350000000000003,0.008555610418319703,2002-09-30
1996-04-29__1998-04-20,0.030250000000000055,0.008497465848922692,1998-04-20
2000-04-24__2002-04-15,0.010499999999999898,0.008428003311157117,2002-04-15
1997-02-03__1999-01-25,0.019000000000000017,0.00828945410251622,1999-01-25
1997-12-08__1999-11-29,0.0022499999999999187,0.008141328334808351,1999-11-29
1996-05-27__1998-05-18,0.006749999999999923,0.00728806471824639,1998-05-18
1997-05-26__1999-05-17,0.026499999999999968,0.007233974218368577,1999-05-17
1995-05-01__1997-04-21,0.006500000000000006,0.007213974237442078,1997-04-21
1995-02-06__1997-01-27,0.013000000000000067,0.007175972938537667,1997-01-27
1995-06-26__1997-06-16,0.01974999999999999,0.00656287336349487,1997-06-16
2018-09-17__2020-09-07,0.042750000000000066,0.006500913143158038,2020-09-07
1997-04-28__1999-04-19,0.004999999999999949,0.006032018661498939,1999-04-19
1994-05-30__1996-05-20,0.026750000000000107,0.005966409921646154,1996-05-20
1995-01-09__1996-12-30,0.010999999999999954,0.005928810358047487,1996-12-30
1996-09-16__1998-09-07,0.010999999999999899,0.005919110059738275,1998-09-07
1994-06-27__1996-06-17,0.02700000000000008,0.005833314895629882,1996-06-17
2000-07-17__2002-07-08,0.019500000000000017,0.005501456737518284,2002-07-08
1994-10-17__1996-10-07,0.023249999999999937,0.005303557157516459,1996-10-07
1994-08-22__1996-08-12,0.0034999999999999476,0.005288507461547853,1996-08-12
2016-08-22__2018-08-13,0.010499999999999843,0.00449253892898549,2018-08-13
1997-10-13__1999-10-04,0.021250000000000102,0.0037955539226531276,1999-10-04
1996-06-24__1998-06-15,0.008500000000000063,0.0034457652568817276,1998-06-15
1996-04-01__1998-03-23,0.02975000000000011,0.0030281817913055953,1998-03-23
1994-12-12__1996-12-02,0.010249999999999926,0.0015553512573242,1996-12-02
